food	0
event	1
/base/aareas	2
/base/louvre	3
/base/drwho1	4
/base/mediaextended	5
/base/popstra	6
music	7
user	8
freebase	9
people	10
/base/sameas	11
/base/australianpeople	12
organization	13
/base/animalpathology	14
/base/plopquiz	15
/base/parksandrecreation	16
/base/poetrybase	17
/base/adoption	18
/base/fandom	19
wine	20
/base/technologyofdoing	21
/base/americancomedy	22
location	23
/base/schemastaging	24
/base/foodrecipes	25
/base/scubadiving	26
/base/services	27
medicine	28
/base/motorcycle	29
/base/abcbirds	30
film	31
/base/engineering	32
/base/sonjabenskinmesherpaintings	33
/base/lakebase	34
/base/soapoperas	35
/base/theearlytravellersandvoyagers	36
/base/fuvkin	37
/base/piratesofthewirralpeninsula	38
/base/choppedandscrewedmusic	39
military	40
astronomy	41
/base/events	42
/base/tvfotc	43
award	44
/base/supertopics	45
/base/bbcbase	46
/base/england	47
/base/facetedbrowsing	48
/base/ipeople	49
/base/animal_synopses	50
/base/classiccorvettes	51
/base/iceandfire	52
transportation	53
/base/exercises	54
/base/parody	55
business	56
/base/writing	57
/base/mystery	58
/base/anglican	59
religion	60
/base/classicvideogames1	61
/base/magic	62
/base/radiostations	63
/base/folklore	64
/base/contraltosingers	65
/base/endorsements	66
/base/unitednations	67
/base/tdotoh	68
/base/surfing	69
/base/christianity	70
type	71
/base/digitalmedia	72
government	73
/base/disaster2	74
celebrities	75
/base/food_menu	76
book	77
american_football	78
/base/monster	79
/base/montana	80
/base/permaculture	81
/base/melomania	82
/base/saturdaynightlive	83
/base/dogbreed	84
/base/pimfortuyn	85
/base/caveart	86
/base/artistpainter	87
comic_books	88
biology	89
/base/animemanga	90
/base/minerals	91
/base/montagueinstitute	92
/base/paincrisis	93
visual_art	94
boats	95
ice_hockey	96
/base/windenergy	97
/base/nationalsportsteams	98
/base/engineering1	99
/base/bibkn	100
/base/searchengineoptimizationprovider	101
/base/livemusic	102
/base/websites	103
/base/tagasauris	104
/base/starshapedcitadelsandcities	105
martial_arts	106
/base/sharing	107
/base/argumentmaps	108
/base/andrewswerdlow	109
/base/mylifetimecom	110
royalty	111
/base/visleg	112
/base/webvideo	113
aviation	114
/base/usnationalparks	115
/base/newsevents	116
imdb	117
metropolitan_transit	118
/base/italianbooks	119
common	120
/base/marchmadness	121
law	122
/base/semanticnames	123
/base/univplus	124
/base/neutra	125
computer	126
/base/eating	127
/base/x2010fifaworldcupsouthafrica	128
/base/trails	129
geography	130
media_common	131
/base/activism	132
/base/barbie	133
broadcast	134
/base/cannapedia	135
olympics	136
/base/aubreymaturin	137
/base/thebigpitch	138
/base/godparents	139
/base/newthought	140
/base/fires	141
/base/lastfm	142
/base/creationism	143
/base/greatamericansongbookradio	144
/base/firsts	145
/base/nobelprizes	146
/base/mobilecomputers	147
/base/gunsnroses	148
/base/ecology	149
/base/biblioness	150
/base/flightnetwork	151
/base/phobias	152
/base/crime	153
/base/petbreeds	154
/base/community	155
tv	156
protected_sites	157
/base/psychoanalysis	158
/base/assassination	159
/base/government2	160
/base/giftcards	161
/base/sxswfilm	162
/base/coloniesandempire	163
/base/coronationofgeorgevi1937	164
/base/engineeringdraft	165
/base/shapedcities	166
/base/fossils	167
/base/postneolithic	168
/base/undergroundhumanthings	169
cvg	170
/base/aptamer	171
language	172
/base/anarchism	173
/base/chinacities	174
/base/naples	175
/base/londontheatres	176
/base/jewlib	177
/base/locarnointernationalfilmfestival	178
/base/mediaasset	179
/base/samplepro	180
/base/danceporn	181
sports	182
/base/setrakian	183
/base/burjkhalifa	184
travel	185
/base/vermont	186
/base/armstrade	187
/base/classificationsearch	188
/base/nasagcmd	189
/base/natlang	190
/base/zeropointv	191
/base/animalnames	192
geology	193
/base/stimulustracking	194
/base/atheism	195
/base/skills	196
/base/computerscience	197
/base/apartmentsinjerusalem	198
/base/infection	199
/base/hotels	200
/base/handball	201
/base/codeflow	202
/base/omnipop	203
/base/americancivilwar	204
/base/siswimsuitmodels	205
/base/ninamarlene	206
/base/monetarydebase	207
conferences	208
engineering	209
/base/afadafdf	210
/base/localfood	211
/base/pethealth	212
comic_strips	213
/base/landcover	214
chess	215
/base/dance	216
/base/bigsky	217
/base/tina526base	218
/base/politicalconventions	219
automotive	220
/base/victoriassecret	221
/base/bioventurist	222
/base/thoroughbredracing	223
/base/patronage	224
/base/musicpf	225
/base/scottishclans	226
/base/birdinfo	227
/base/greeneducation	228
/base/shanghaiinternationalfilmfestival	229
/base/cityofbari	230
/base/southlake	231
soccer	232
/base/mexicanfood	233
architecture	234
/base/hkiff	235
/base/socialsciencedata	236
/base/losgatosrestaurants	237
/base/yalebase	238
/base/saints	239
spaceflight	240
/base/concepts	241
/base/mybasexibei	242
/base/veterinarymedicine	243
/base/artbase1	244
/base/cdnpolitics	245
/base/skateboarding	246
/base/impressionism	247
/base/conservationaction	248
/base/architecture2	249
/base/references	250
/base/moscratch	251
/base/predict	252
/base/spain	253
/base/musiteca	254
/base/inspiration	255
/base/raiders	256
/base/kishorekumar	257
/base/mafia	258
/base/targetstores	259
/base/yangzhou	260
/base/test2	261
/base/propositions	262
/base/greenbuilding	263
/base/webcomic	264
/base/programmingart	265
/base/cryptography	266
/base/pgschools	267
/base/renesona	268
/base/survivor	269
/base/wodehouse	270
/base/twinnedtowns	271
/base/karlovyvaryinternationalfilmfestival	272
/base/williamshakespeare	273
/base/lookalikes	274
/base/mineralwaterandmineralsprings	275
/base/torgbase	276
/base/symbols	277
/base/qualia	278
/base/estonia	279
/base/fictionaluniverse	280
/base/italiantv	281
opera	282
/base/lubenotlube	283
/base/the1968project	284
/base/balloonflightpioneers	285
/base/tourdefrance	286
/base/findbandmembers	287
/base/rewards	288
exhibitions	289
/base/tseliot	290
theater	291
/base/toronto	292
games	293
/base/electronicprogramguide	294
/base/code663	295
/base/morelaw	296
/base/bookstores	297
/base/allmybase1	298
/base/infrastructure	299
/base/tamilmovies	300
/base/celeb	301
/base/sportbase	302
/base/mosaic	303
/base/hummingbirdhub	304
skiing	305
/base/watchmen	306
/base/masterthesis	307
/base/ottawa	308
/base/bobby	309
/base/scottfitz	310
/base/artmetadata	311
/base/exoplanetology	312
/base/catalog	313
/base/aditya	314
/base/lewisandclark	315
/base/greatfilms	316
/base/vicebase	317
education	318
/base/seafood	319
/base/rivalries	320
tennis	321
/base/column	322
/base/myschool	323
/base/cambridge	324
/base/llgff	325
/base/malemodels	326
/base/charities	327
/base/associationfootball	328
/base/powerstructureresearch	329
/base/shashank	330
/base/sportsrecords	331
/base/fiberarts	332
/base/zxzxbase	333
/base/quash	334
/base/hauntedplaces	335
/base/phytochemical	336
/base/losangeles	337
/base/thenightthatsleeps	338
/base/geodescription	339
/base/envato	340
/base/authors	341
/base/industrystandards	342
/base/deadwood	343
/base/vgames	344
/base/farmfed	345
/base/classicvideogames	346
/base/crmbase	347
/base/lodcloud	348
/base/genomic	349
/base/rogerfederer	350
/base/starwars1	351
/base/recordingstudios	352
basketball	353
/base/advertisingcharacters	354
/base/edmonton	355
/base/prison	356
/base/literaturabrasileira	357
/base/musicmanager	358
/base/montreal	359
/base/onlineadvertising	360
/base/nationalbridgeinventory	361
/base/greece	362
/base/fashion	363
/base/social	364
/base/yemebase	365
/base/digitalcameras	366
/base/rvijbase	367
/base/fashionmodels	368
/base/domaintest8	369
/base/carebears	370
/base/abbeysofbritain	371
/base/sounds	372
/base/dinosaur	373
/base/lrerutdanning	374
/base/environmentalism	375
/base/locations	376
/base/graphicnovels	377
/base/urbanlegends	378
/base/basebase1base	379
/base/television	380
/base/kinometric	381
/base/newyorkcitynewspapers	382
/base/socialmediamarketing	383
/base/guysnamedfred	384
/base/badpeople	385
/base/filmflexmovies	386
/base/verrecarnaval	387
/base/ancientegypt	388
/base/goldenbooks	389
/base/cuisineindienne	390
/base/fairytales	391
/base/ghtech	392
/base/jambandmusic	393
/base/vault13	394
/base/aquanaut	395
/base/twilight	396
/base/sherlockholmes	397
/base/millvalleyfilmfestival	398
/base/humanresources	399
/base/horror	400
/base/circus	401
/base/bodybuilders	402
/base/creativemindsatwork	403
/base/nederlandsedichters	404
/base/wastrology	405
/base/academyawards	406
/base/saltproject	407
/base/underground	408
/base/sportssandbox	409
/base/artwebsites	410
/base/filmnoir	411
/base/mentalist	412
/base/csafarms	413
/base/ballet	414
/base/grammalseizure	415
/base/worldwonders	416
/base/litcentral	417
/base/wrestling	418
baseball	419
/base/commoningcafe	420
fictional_universe	421
/base/jamaicanculture	422
/base/tallinn	423
/base/elbogen	424
/base/bowlgames	425
/base/historiaswidnika	426
/base/ihistory	427
/base/peleton	428
/base/militaryinfiction	429
/base/lawbase	430
/base/hannsheinzewers	431
/base/productendorsement	432
symbols	433
/base/zoabase	434
/base/rdsbase	435
/base/internettechnology	436
dataworld	437
/base/indianelections	438
/base/londonfilmfestival	439
/base/iskaldursbase	440
/base/philadelphiaqfest	441
/base/footballcoaches	442
/base/languagesfordomainnames	443
/base/formula1	444
/base/biologydev	445
/base/californiahistory	446
/base/ignoreme	447
/base/terrorism	448
/base/myhoby	449
/base/martialartsstyles	450
/base/srkbase	451
/base/vancouver	452
/base/gossipgirl3	453
/base/secondi	454
/base/poldb	455
/base/breakfast	456
distilled_spirits	457
/base/presquetoutsurpresquerien	458
amusement_parks	459
/base/hindisoundtracks	460
/base/braziliangovt	461
/base/printmaking	462
/base/skosbase	463
/base/onewayshopping	464
/base/barossavalleywine	465
/base/dccardwell	466
periodicals	467
/base/zionism	468
/base/socialgraph	469
/base/roses	470
cricket	471
/base/triggers	472
/base/marsupials	473
/base/petsupplyandaccessory	474
/base/gossipgirl1	475
/base/nationalfootballleague	476
/base/ffsquare	477
/base/sdnabase	478
/base/beerbase	479
/base/smarthistory	480
/base/thewestwing	481
/base/cocktails	482
/base/represent	483
/base/housemd	484
/base/cars_refactor	485
/base/playboyplaymates	486
/base/dystopia	487
/base/austin	488
/base/tournaments	489
/base/jeannie	490
/base/oxford	491
/base/mathematics1	492
/base/collectives	493
projects	494
/base/koreanwar	495
/base/marijuana420	496
/base/tallships	497
/base/pixarfilms	498
/base/greatbooksofthewesternworld	499
/base/medicalchinesetermswithpinyin	500
/base/mediapackage	501
/base/madplex	502
/base/ceowomen	503
/base/athletics	504
/base/schwarzenbach	505
/base/theory	506
/base/dedication	507
/base/lovecraft	508
/base/buffy	509
/base/mathematics	510
/base/oysters	511
/base/godbase	512
/base/technopundits	513
/base/horsefacts	514
/base/coltrane	515
/base/australianpolitics	516
/base/iniciador	517
/base/tigerbloodintern	518
/base/brewpubs	519
/base/veniceinternationalfilmfestival	520
/base/culturaencadenacombase	521
/base/audiobase	522
time	523
/base/virtualheliosphericobservatory	524
/base/rajdhaniexpressmovie	525
/base/educationalshortfilm	526
/base/ovguide	527
/base/delany	528
influence	529
interests	530
/base/bangladeshipeople	531
/base/strangeebayitems	532
/base/mladraft	533
/base/anzacs	534
/base/vancouver2010	535
/base/existentialism	536
/base/goldenageofhollywood	537
/base/database	538
/base/kwebbase	539
/base/opposites	540
/base/cathedrals	541
digicams	542
/base/tubeporn	543
/base/sundancefilmfestival2011	544
/base/metaschema	545
/base/chicago	546
/base/weapons	547
/base/patienthealthrecord	548
/base/satelites	549
/base/woodstock	550
measurement_unit	551
/base/gratefuldead	552
/base/christmas	553
/base/writersvalleyblogsfreewebsitessocialnetworks	554
/base/jamesbond007	555
internet	556
/base/lostbase	557
/base/galalelsoury	558
/base/domaintest	559
/base/proofsareprograms	560
/base/horses	561
/base/campaigns	562
/base/berlin	563
/base/coffee	564
/base/gossipgirl	565
/base/cycling	566
/base/ontologies	567
/base/academyofcountrymusicawards	568
/base/mybase11	569
chemistry	570
/base/dataengineering	571
/base/myspace	572
/base/informationtechnology	573
/base/nascar	574
/base/homesteadstrike	575
/base/gender	576
/base/steamfast	577
/base/ps3games	578
/base/mariopedoneaccordionmusic	579
/base/regulation	580
/base/skybase	581
/base/christianrapmusic	582
/base/rosenbaum	583
/base/feudalism	584
/base/michiganlakesandstreams	585
/base/ports	586
/base/futurama	587
/base/uspolitician	588
/base/alatasathanasios	589
/base/fantasticfest	590
/base/indonesia	591
/base/crestico	592
/base/mylittlepony	593
/base/papoiteskingboys	594
/base/filmcameras	595
/base/baywatchbabes	596
/base/puffinnpolitics	597
/base/niivgbase	598
/base/birdconservation	599
/base/casinos	600
/base/babylon5	601
/base/myplaces	602
/base/realitytv	603
/base/kamrunnaharislamickg	604
/base/joeunger	605
/base/surprisingheights	606
/base/tagit	607
/base/atlanta	608
/base/horticulture	609
/base/therockbat	610
/base/dictionaryofoccupationaltitles	611
/base/mothersoftheworld	612
/base/wordnet	613
/base/films2	614
/base/thebigbangtheoryshow	615
/base/typefaces	616
/base/collectiblecards	617
/base/mmmpr	618
/base/infinitejest	619
/base/bengaluru	620
/base/kurtsmusikbase	621
/base/elsevier	622
/base/elmbase	623
/base/fight	624
/base/tomeverett	625
venture_capital	626
/base/edgarpoe	627
/base/x2011internationalyearforpeopleofafricandescent	628
/base/bestbollywoodactress	629
/base/testbase124146351328435	630
/base/jewishcommunities	631
/base/noircity	632
/base/newyorkcity	633
/base/montypython	634
/base/sex122638240128936	635
/base/edinburghinternationalfilmfestival	636
/base/urania	637
/base/socialdance	638
/base/autobase	639
/base/wfilmbase	640
/base/girlscouts	641
/base/mademoisellebleu2007	642
/base/ttiff	643
/base/pusan	644
/base/goodrelations	645
/base/storytelling	646
/base/enhancedlocation	647
meteorology	648
/base/ilker	649
/base/pinball	650
/base/chinesezodiac	651
/base/retail	652
/base/publicspeaking	653
/base/football1	654
/base/consumermedical	655
/base/cheza	656
/base/pantheons	657
/base/tallactresses	658
/base/slowmovement	659
/base/change	660
/base/acocksgreen	661
/base/hypocrisy	662
/base/famouspets	663
/base/ywhbase	664
/base/articleindices	665
/base/oclbase	666
/base/themuppetshow	667
/base/worldhiphop	668
/base/inaugurations	669
/base/filmtasks	670
/base/lastdestination	671
/base/phpdeveloper	672
/base/latin	673
/base/thelastconfessionofalexanderpearce	674
/base/runwaymagazine	675
/base/seekers	676
/base/india	677
/base/femart	678
/base/peekbase	679
/base/cellfishmusic	680
/base/armoryshow1913	681
/base/laurea	682
/base/vietnamwar	683
/base/commoning	684
/base/soundalike	685
/base/magicthegathering	686
/base/uncommon	687
/base/femalediseases	688
/base/researchlocations	689
/base/holocaust	690
/base/arasmuzic	691
/base/svocab	692
/base/synch	693
/base/starcrossed	694
/base/historicalfilms	695
/base/reviews	696
/base/inktest	697
/base/mapcentral	698
/base/cheguevara	699
/base/cherferroggiaro	700
/base/observatoriobpm	701
/base/jobmastates	702
/base/screamfestla	703
/base/upthepunx	704
/base/utestbase	705
/base/renrest	706
/base/losangelesbands	707
/base/hamlet	708
/base/airtrafficmanagement	709
/base/seoul	710
rail	711
/base/disneyana	712
/base/usgovernment	713
/base/filmographies	714
nytimes	715
/base/goldenstatewarriors	716
/base/washingtondc	717
/base/testrepu	718
/base/questionable	719
/base/chinesemovies	720
/base/motorsports	721
/base/tunnels	722
/base/funart	723
/base/franchise	724
/base/ndbcd	725
/base/death	726
/base/kaireesystems	727
/base/datedlocationtest	728
/base/academia	729
/base/scotland	730
/base/obamabase	731
/base/banned	732
fashion	733
/base/hypotyposis	734
/base/nulon	735
/base/database3	736
/base/bollywood	737
/base/rugby	738
/base/garrettstrobel	739
/base/curricula	740
/base/lucasfilms	741
/base/pokemonspecies	742
/base/civics	743
/base/nutrition	744
/base/familyguy	745
/base/frameline	746
/base/banking	747
/base/ipswich	748
/base/words	749
/base/philbsuniverse	750
/base/folia	751
/base/movies1001	752
/base/jonathan_goodman	753
/base/astronomy	754
/base/historicalcountries	755
/base/gayporn	756
/base/gerardovalentin	757
/base/sanfrancisco	758
/base/mst3k	759
/base/tvmusic	760
/base/materials	761
/base/productplacement	762
/base/plantstructure	763
/base/observances	764
/base/pokemon	765
/base/coinsdaily	766
/base/liveuspoliticians	767
/base/yupgrade	768
/base/socialnetworking	769
/base/icons	770
/base/arthist	771
/base/hampsteadheath	772
/base/hannover	773
/base/filebase	774
/base/tvplus	775
/base/qateef	776
/base/usnris	777
/base/knowledgebasepublishing	778
/base/chinuchem	779
atom	780
/base/sports	781
/base/thejurypool	782
/base/scottishmps	783
/base/destinationsguides	784
/base/computationalscienceandengineering	785
/base/berlininternationalfilmfestival	786
/base/electromagneticspectrum	787
/base/virginiabroadband	788
/base/michaelcrichton1	789
/base/place	790
/base/moscowinternationalfilmfestival	791
/base/baghdad	792
/base/citizenjournalism	793
/base/leicester	794
/base/semantichistoryofart	795
/base/battlestargalactica	796
/base/germanjazzandblues	797
/base/ukparliament	798
/base/snowboard	799
/base/tabletennis	800
/base/almabase	801
/base/fblinux	802
/base/summermovies2009	803
/base/testmatchspecial	804
/base/jewishstudies	805
/base/digitalcamera	806
/base/markets	807
/base/meanstreets	808
/base/watches	809
/base/testing3	810
/base/romania	811
/base/thesocialset	812
/base/onechanneltv	813
/base/venuebase	814
/base/drseuss	815
/base/indiewire	816
/base/mtgbase	817
/base/oakvillebusiness	818
/base/blogsemportugues	819
/base/helpmebase	820
/base/teslasciencedigitalarchive	821
/base/bintro	822
/base/convictsydney	823
/base/x19thcenturyprisonphotography	824
/base/adultentertainment	825
/base/horseracing	826
dining	827
/base/entertainment	828
/base/juiced	829
/base/sfiff	830
/base/nanhikali	831
/base/newyorkfilmfestival	832
/base/michellecarusocabrera	833
/base/adventures	834
/base/realmadrid	835
/base/programming1	836
/base/modernbluestocking	837
/base/oakland	838
/base/karnaticmusic	839
/base/birdwatching	840
/base/bisac	841
/base/basilsamorucopia	842
/base/internetmemes	843
/base/triathlon	844
/base/filmfareawards	845
/base/lgbtfilms	846
/base/missamerica	847
/base/microdata	848
/base/baconpatiobeer	849
/base/madmen	850
/base/switzerland	851
/base/usmanlatif	852
/base/impostors	853
/base/cinemainspector	854
/base/bollywooddiary	855
/base/movietheatres	856
/base/eurotrip	857
/base/onephylogeny	858
/base/tionghoa	859
/base/flash	860
/base/freshpicks	861
/base/televisions	862
/base/dendarii	863
/base/trkiye	864
/base/salzburgnight	865
/base/blocks	866
/base/textiles	867
/base/tbase	868
/base/supernet	869
/base/allthingsnewyork	870
/base/knockoffs	871
/base/frenchpolitics	872
/base/jazzonline	873
/base/performer	874
/base/geolocation	875
/base/songforallseasons	876
/base/women	877
/base/stirling	878
/base/vampirehigh	879
/base/grossout	880
/base/volleyball	881
/base/proposedprojects	882
/base/chemplus	883
/base/thewire	884
/base/honouriam	885
/base/flightoftheconchords	886
/base/northcarolina	887
/base/blackhistorymonth	888
/base/tourismontology	889
/base/arcom	890
/base/highschoolmusical3nosanneslyce	891
/base/forts	892
/base/presidentialpets	893
/base/torchbearers	894
/base/fringe	895
/base/topgear	896
/base/tonyfranksbuckley	897
/base/nations	898
/base/ikariam	899
/base/bamberg1	900
/base/apples	901
/base/animanga	902
/base/adbase	903
/base/nonprofitorganization	904
/base/markrobertdaveyphotographer	905
/base/publicsafety	906
/base/culturalevent	907
/base/ireland	908
/base/honorarydegrees	909
/base/automotive	910
/base/people1	911
/base/sfawards	912
/base/rocket2	913
/base/iranianbuilding	914
/base/mediawiki	915
/base/universities	916
/base/smoke122631628616829	917
/base/webdeveloper	918
/base/dancingwiththestars	919
/base/breakingbad	920
/base/givennames	921
/base/contractbridge	922
/base/argentina	923
/base/drmadhumohankomaragiri	924
/base/chivalry	925
/base/artshumanitiesresources	926
/base/stbase	927
/base/caseysbased	928
/base/softwareengineering	929
/base/foursquare	930
/base/historyof3dmovies	931
/base/nathalieatalla	932
/base/bryan	933
/base/angelfish	934
boxing	935
/base/endofallthings	936
/base/doctorwho	937
/base/london	938
/base/testcards	939
/base/influentialwomen	940
/base/daylifetopics	941
/base/bistrat	942
/base/todolists	943
/base/enniskillenbirdsurvey1	944
/base/lewiscarroll	945
/base/process	946
/base/dqbase	947
/base/saveaussiemusic	948
/base/jsbach	949
/base/surrey	950
/base/oranges	951
/base/signage	952
/base/bdnabase	953
/base/prestatyn	954
/base/atitdatlas	955
/base/womenauthorsinsffantasy	956
/base/tullamore	957
/base/plants	958
/base/electricalcars	959
/base/symbolism	960
/base/meshuggahalbumtimeline	961
/base/cancer	962
/base/aniketpargaonkar	963
/base/welshculture	964
/base/nintendo	965
/base/imdbbase	966
/base/entourage	967
/base/factsofamericanhistory	968
/base/zxspectrum	969
/base/cinemainspectortest	970
/base/whamoworld	971
/base/lakesintheunitedstates	972
/base/lemonflex	973
/base/ovtour	974
/base/departamentodecciadelauniversidaddesevilla	975
/base/macross	976
/base/libreas	977
/base/intellectualproperty	978
/base/electronic	979
/base/pinkfloyd	980
/base/aceattorney	981
/base/jobtitles	982
/base/crimeandforensics	983
/base/eventparticipants	984
/base/whedonverse	985
/base/longislandpingpongleague	986
/base/beatnik	987
/base/osbase	988
/base/startrek	989
/base/tonywardsinterests	990
/base/drinks	991
/base/stefankumor	992
/base/ushahidi	993
/base/southernmedicaluniversity	994
/base/umltools	995
/base/domaintest7	996
/base/xiamen	997
/base/gadgets	998
/base/cinequestfilmfestival	999
/base/rosetta	1000
/base/consciousness	1001
/base/empresasdetecnologaenmxico	1002
/base/journeytoprozac	1003
/base/mountainhiking	1004
/base/journalists	1005
/base/yuribushagin	1006
radio	1007
/base/repositoriesinphila	1008
/base/tribecafilmfestival	1009
/base/slovakia	1010
/base/duiattorneys	1011
/base/qualified_values	1012
/base/pizza	1013
/base/notablenewyorkers	1014
/base/worldwartwo	1015
/base/austria	1016
/base/adidtest	1017
/base/mediatordt	1018
/base/redplanet	1019
/base/cloudcomputing1	1020
/base/oldmovielovers	1021
/base/independentpublishing	1022
/base/melbourneinternationalfilmfestival	1023
/base/americanidol	1024
/base/sopranosingers	1025
/base/chineseuniversities	1026
/base/mailinglists	1027
/base/ischools	1028
/base/golfcourses	1029
/base/musicvideos	1030
/base/awrinkleintime	1031
/base/serjtankian	1032
/base/gambling	1033
/base/annettestrauchculturalanthropologistsocialmedia	1034
/base/healthyeatingandfitness	1035
/base/xfreebase133792473727765	1036
/base/tvepg	1037
/base/moviereviews	1038
/base/mines122805490927831	1039
/base/mysisterskeeper	1040
/base/trenthergenrader	1041
/base/swedishamericanbusiness	1042
/base/mybase4	1043
/base/qiqme777	1044
/base/thestate	1045
/base/filmviews	1046
/base/bamberg	1047
/base/thefuture	1048
/base/politeuri	1049
/base/spokane	1050
/base/krautrock	1051
/base/collegeprep	1052
/base/dearflight	1053
/base/dublin	1054
finance	1055
/base/morstministryofresearchscienceandtechnology	1056
/base/gleebase	1057
/base/artnoveau	1058
/base/organizations1	1059
/base/bbbase	1060
/base/bridges	1061
/base/hibernianfootballclub	1062
/base/singapore	1063
/base/thesolarsystem	1064
/base/programming	1065
/base/cannes	1066
/base/films	1067
/base/bangladesh	1068
/base/sundance	1069
/base/yamahamotorcycles	1070
/base/harrypotter	1071
/base/test122565175222537	1072
/base/scientist	1073
/base/aliens	1074
/base/camden	1075
/base/performingearth	1076
/base/pirates	1077
/base/domaintest5	1078
/base/paintertable	1079
/base/gossipgirlbroken	1080
