Military	0
Provincial	1
Tamworth	2
Russian	3
Uppsala	4
Londrina	5
British	6
Districts	7
20th-century	8
LA	9
Spanish	10
English	11
Populated	12
People	13
Airports	14
Atlanta	15
Scientists	16
Basketball	17
Queensland	18
Haitian	19
American	20
Yugoslav	21
Italian	22
PEC	23
Gombak	24
Cork	25
United	26
Cities	27
ZTT	28
Austrian	29
FC	30
Sevilla	31
French	32
Headlands	33
Roman-era	34
Counts	35
Football	36
Malian	37
Musical	38
Moroccan	39
Airfields	40
Ports	41
Soviet	42
Townships	43
Male	44
Defunct	45
Protected	46
Avant-garde	47
Starmania	48
States	49
Land	50
Expatriate	51
Portuguese	52
Vanderbilt	53
Australian	54
Kazakhstani	55
Country	56
Dutch	57
Philadelphia	58
Independent	59
Howard	60
Regions	61
Creighton	62
Media	63
Polish	64
Locations	65
Battles	66
UEFA	67
Currencies	68
Blues	69
Actresses	70
National	71
Political	72
Ukrainian	73
Croatian	74
Lekhwiya	75
Indian	76
Vicenza	77
Associação	78
Government	79
FK	80
Grand	81
Saint	82
Cincinnati	83
Guadeloupean	84
Vendée	85
Unión	86
Borders	87
Libyan	88
Lesbian	89
Mixtec	90
Honduran	91
Educational	92
Companies	93
Gainsborough	94
Serbian	95
Universities	96
The	97
Arkansas	98
South	99
Canadian	100
Areas	101
Arsenal	102
Capitals	103
Hokkaido	104
Ivorian	105
Disputed	106
Communes	107
Copywriters	108
Films	109
Archaeological	110
21st-century	111
Greek	112
Amica	113
Science	114
Romanian	115
Missouri	116
Wars	117
Club	118
Iceland	119
Territories	120
Midland	121
Companions	122
Persitara	123
Saxophonists	124
Ministers	125
Voter	126
Police	127
Senegalese	128
Sweden	129
Costa	130
13th-century	131
Towns	132
LDU	133
Minnesota	134
Mining	135
Freelance	136
Princes	137
Alumni	138
C.F.	139
Colombian	140
County	141
Drumchapel	142
Utah	143
New	144
Politicians	145
Real	146
Klezmer	147
Film	148
Egyptian	149
Argentine	150
Moldovan	151
World	152
Lawyers	153
Soccer	154
Ashland	155
Neighborhoods	156
Former	157
C.D.	158
Evesham	159
Mexican	160
Guinean	161
Space	162
Knights	163
Paleontological	164
Bulgarian	165
Post-impressionist	166
Hapoel	167
Villa	168
Seljuq-period	169
Japanese	170
Television	171
UMass	172
Nuclear	173
Crusaders	174
Organizations	175
Mixed	176
Administrative	177
Burundian	178
Trabzonspor	179
Water	180
Occitan-language	181
Slovak	182
Democratic	183
Meiji	184
SC	185
Wroxham	186
Louisiana	187
Jewish	188
Sunni	189
Viennese	190
19th-century	191
Awards	192
Women	193
Rulers	194
Slovenia	195
Ottoman	196
Animation	197
Micropolitan	198
Gateshead	199
Southeastern	200
Khanates	201
Slovenian	202
Indonesian	203
Maccabi	204
Swiss	205
Municipalities	206
CF	207
Heroes	208
Chief	209
Spingarn	210
Viacom	211
Women's	212
Opera	213
Colegio	214
Mechanical	215
Gothic	216
Musicians	217
Busan	218
Philosophers	219
Naturalists	220
Academics	221
Lakes	222
Virginia	223
Irish	224
Jazz	225
Adelaide	226
14th-century	227
SHB	228
Magdalen	229
Port	230
Neighbourhoods	231
Female	232
Mississippi	233
African-American	234
Vancouver	235
Kent	236
Penn	237
Energy	238
Arab–Byzantine	239
Counterculture	240
Artland	241
Providence	242
Royal	243
Miami	244
Sports	245
Association	246
Belgian	247
Segunda	248
Listed	249
J.	250
Cuban	251
Ghanaian	252
Critics'	253
Non-metropolitan	254
Olimpia	255
Western	256
Spezia	257
Parrot	258
Imperial	259
Footballers	260
Colorado	261
Rivers	262
Dukes	263
Portmore	264
Poets	265
Queer	266
Neftochimic	267
Hong	268
Golden	269
Eerste	270
Rock	271
Valleys	272
Raith	273
Georgian	274
Hamilton	275
Gippsland	276
15th-century	277
Regional	278
Post	279
Analysands	280
KS	281
Kings	282
Denison	283
Florentine	284
Tombense	285
Nobel	286
Macclesfield	287
Song	288
Languages	289
Beach	290
Players	291
Ionikos	292
East	293
Autonomous	294
Tivoli	295
Graduates	296
Socialist	297
St.	298
England	299
Artists	300
U.S.	301
NK	302
Wine	303
Madagascar	304
Equestrians	305
Planned	306
Ancient	307
Plains	308
Surf	309
Norwegian	310
Czech-speaking	311
Stade	312
Bays	313
Olympic	314
Lothian	315
2	316
Martial	317
Left-wing	318
Augustinian	319
R.	320
6th-century	321
Dunaújváros	322
Northfield	323
German	324
Ellesmere	325
Lebanese	326
Ice	327
NC	328
Mountain	329
Istanbul	330
Samsung	331
Dominica	332
San	333
Castelnau-le	334
Nevada	335
Portimonense	336
Columbia	337
Presidents	338
Lyric	339
Swedish	340
Romance	341
ZESCO	342
Writers	343
Villages	344
Puerto	345
Umm	346
Denizlispor	347
Heads	348
4th-century	349
Gay	350
Lithuanian	351
USAAF	352
Bodens	353
Erskine	354
Worksop	355
Fernando	356
Persebaya	357
Naturalised	358
Universidad	359
Subdivisions	360
LGBT	361
Grimsby	362
Gangneung	363
Maryland	364
Darlington	365
Braintree	366
Angolan	367
Bernese	368
Business	369
Scottish	370
Emelec	371
Provinces	372
Rugby	373
Lincoln	374
Vermont	375
Premiers	376
Mountains	377
Atlantic	378
Arizona	379
Southport	380
Música	381
Brazilian	382
Jászberényi	383
Sport	384
Systematic	385
Southern	386
Israeli	387
Wichita	388
Gastroenterologists	389
Algerian	390
Holding	391
Seattle	392
Ayr	393
Prisoners	394
West	395
Saarland	396
Qemal	397
FHK	398
Rhetoricians	399
Thouars	400
Leinster	401
Kolossos	402
K-pop	403
Coronel	404
Facilities	405
Pakistani	406
UNC	407
Raków	408
Walsall	409
Willenhall	410
Equatoguinean	411
UE	412
Law	413
Victorian	414
Curaçao	415
Palestinian	416
Hot	417
1998	418
Point	419
Chaidari	420
Ukraine	421
Chivas	422
Island	423
Balmazújvárosi	424
Mid	425
Liberal	426
École	427
Actors	428
Banbury	429
State	430
Academic	431
Albanian	432
Leeds	433
GKS	434
Major	435
Daily	436
Czech	437
Mozambican	438
Nigerian	439
Uruguayan	440
Banks	441
Malawian	442
1999	443
Officers	444
Sorrento	445
Forest	446
Municipal	447
Conflicts	448
Engineering	449
Washington	450
Children	451
Weissenborn	452
Azerbaijani	453
Montreal	454
Spain	455
North	456
ASKO	457
Carniolan	458
Scholars	459
Ulisses	460
Aviators	461
Continental	462
Moravian-German	463
Landscapes	464
Aviron	465
Metropolitan	466
Inuit	467
Paul	468
All	469
Athinaikos	470
Streetcar	471
Guinea	472
Chinese	473
Anaheim	474
K.S.C.	475
Postmodern	476
América	477
Chicago	478
Campaigns	479
Kilkenny	480
Non-profit	481
Busking	482
Translators	483
Belgium	484
Folk	485
Stanford	486
Songwriters	487
Mangotsfield	488
2004	489
F.C.	490
Transnational	491
Hungarian	492
Sauchie	493
Northwestern	494
Entertainment	495
Ironi	496
Ballymena	497
Cape	498
Rah	499
True	500
18th-century	501
A.C.	502
Stuttgarter	503
Near	504
Fagiano	505
Commanders	506
Tri-City	507
Electric	508
Whitby	509
Schools	510
Fajr	511
5th-century	512
Literary	513
17th-century	514
area	515
Branches	516
Chilean	517
MC	518
Haverford	519
Gabonese	520
Ladies	521
16th-century	522
Organisations	523
Gulfs	524
Icelandic	525
Wake	526
Namibian	527
Harlow	528
Hvidovre	529
Richmond	530
Swing	531
Samanid	532
Le	533
Lutheran	534
Vocaloid	535
Oita	536
Cub	537
racetrack	538
Mediterranean	539
Porajmos	540
Peruvian	541
UK	542
Belarusian	543
Peninsulas	544
Anguillan	545
24	546
Cleveland	547
Tunisian	548
Oregon	549
Berber	550
cricketer	551
Computer	552
KF	553
Singing	554
Esporte	555
1.	556
Anti-war	557
Progressive	558
Armenian	559
Cameroonian	560
Cyberpunk	561
Alternate	562
Kosovar	563
Estrela	564
Assemblage	565
Peristeri	566
Recurring	567
Super	568
Fascist	569
Cocoa	570
Shooting	571
Railway	572
Libertarian	573
Appalachian	574
Bus	575
Malaysian	576
Armadale	577
Nestlé	578
Burkinabé	579
Taunton	580
Allegheny	581
Islands	582
Grammarians	583
Eastern	584
Legislative	585
Bàsquet	586
Free	587
Mapuche	588
Harlem	589
Gun	590
Istrian	591
Counties	592
Composers	593
Synthpop	594
Baseball	595
Electronic	596
Guernsey	597
Superhero	598
Bengaluru	599
Bromsgrove	600
DAC	601
Bronze	602
Whistleblowers	603
2.	604
DreamWorks	605
CS	606
Measure	607
Rossendale	608
AIK	609
Karşıyaka	610
Kecskeméti	611
Eintracht	612
TuS	613
Levante	614
Converts	615
Technicians	616
Straits	617
Signers	618
singer	619
borough	620
Victoria	621
Defensores	622
Deram	623
Victims	624
Cobresol	625
Canton	626
Kayserispor	627
Dartford	628
Puskás	629
Swarthmore	630
Closed	631
Telugu	632
Deaf	633
CP	634
Querétaro	635
Civil	636
Dominican	637
Serrano	638
Hindu	639
Maghreb	640
Mérida	641
Assassinated	642
Child	643
A&amp;M	644
Rutgers	645
Bodies	646
Liberian	647
12th-century	648
Van	649
Beaches	650
Brooklyn	651
Nationalists	652
Gloucester	653
Northern	654
Malavan	655
Estonian	656
Northamptonshire	657
Muslim	658
Tigres	659
Libertarians	660
Ticket	661
Anthem	662
BC	663
Drainage	664
English-language	665
MFK	666
Hércules	667
Bakersfield	668
Sun	669
Skeptics	670
Georgian-language	671
European	672
Msida	673
C.A.I.	674
2005	675
Stop	676
Boston	677
Chojniczanka	678
Laurence	679
Jungian	680
Balearic	681
A.S.	682
Sea	683
Nintendo	684
Comics	685
Orders	686
Syrian	687
Finnish	688
French-language	689
College	690
Murderers	691
Market	692
2013	693
Evanston	694
Adelphi	695
Marinas	696
Honduras	697
Deputy	698
Bishop	699
PFC	700
Private	701
Denmark	702
Expressionist	703
Rosenborg	704
Historians	705
Shaw	706
Prefectures	707
ISG	708
Columbus	709
Jamaican	710
Skyliners	711
Institución	712
Tottenham	713
Africa	714
Dover	715
organization	716
Thai	717
RKS	718
Atlético	719
Acting	720
Hanoverian	721
Cash	722
Total	723
Olympique	724
Bermudian	725
Panamanian	726
Carlton	727
Coastal	728
Venezuelan	729
Museum	730
Martyrs	731
Kano	732
Hannover	733
Rockford	734
Carolina	735
Dames	736
Avaí	737
Lamontville	738
Waterford	739
Górnik	740
Sestao	741
Galician-language	742
Georgia	743
District	744
Youth	745
Rochester	746
USL	747
Najran	748
Fargo-Moorhead	749
Beatified	750
Girona	751
Self-publishing	752
Crumlin	753
Burkina	754
Commandants	755
WSG	756
Templeton	757
Ace	758
Ambassadors	759
Maltby	760
Jamia	761
Tulsa	762
Barnsley	763
Fantasy	764
Battle	765
Wombwell	766
Clinical	767
Iranian	768
Bonner	769
Ohio	770
Coup-based	771
Walton	772
SV	773
Sogndal	774
Crusades	775
Fellows	776
Archipelagoes	777
Exiles	778
Margraves	779
Boarding	780
Black	781
London	782
Event	783
Eastbourne	784
Guangzhou	785
Yeading	786
Honorary	787
I.R.S.	788
Roman	789
Danish	790
Reading	791
Angola	792
Federalist	793
Pittsburgh	794
Nepalese	795
Holmenkollen	796
Tianjin	797
Portland	798
Al	799
Urdu	800
Papua	801
Académico	802
Jingle	803
Yale	804
Clube	805
Dereham	806
Food	807
Ruff	808
Deportivo	809
TB	810
Michigan	811
1993	812
Bolton	813
volleyball	814
Multi-sport	815
Bristol	816
Kyokushin	817
Oceans	818
Vasas	819
WAAS	820
Zanzibari	821
Grêmio	822
Deified	823
Dakota	824
Amarna	825
Colonial	826
March	827
JK	828
Soubrettes	829
Graph	830
A-League	831
Universal	832
Korean	833
Thisted	834
Caledonia	835
Bridgnorth	836
TT	837
Conservative	838
Knattspyrnufélag	839
Murdered	840
Ski	841
Coal	842
Biographical	843
Montserratian	844
Latin	845
Ottoman–Venetian	846
Coaches	847
Lechia	848
K.A.A.	849
Vietnamese	850
Catalan	851
Vakhsh	852
Israel	853
Inter	854
Bolivian	855
Hertford	856
Hendon	857
ʻIolani	858
Enugu	859
Paterson	860
People's	861
Mouloudia	862
Philanthropists	863
Volleyball	864
Manchester	865
AS	866
Naturalized	867
Protestant	868
Younger	869
Exeter	870
Hillingdon	871
HBS	872
California	873
Djurgårdens	874
R.A.E.C.	875
Ethical	876
Uzbekistani	877
Zawisza	878
Los	879
Leigh	880
Local	881
Video	882
Bulova	883
Running	884
SBV	885
Member	886
Second	887
Aksarayspor	888
Aldosivi	889
Bell	890
Protests	891
Go	892
Interactive	893
Sierra	894
Arnold	895
Bugsaş	896
Chimney	897
Polonia	898
Classical	899
Kyung	900
Blind	901
Recreational	902
Afrofuturist	903
Albany	904
Szczakowianka	905
Spy	906
S.L.	907
S.S.	908
AEL	909
Museums	910
Győri	911
IL	912
Vocal	913
Leek	914
2007	915
Punk	916
Golf	917
Lord	918
Welsh	919
Banned	920
Blast	921
Social-liberal	922
ISI	923
Botafogo	924
Centro	925
Barbadian	926
Liga	927
JEF	928
Morocco	929
Disney	930
DSV	931
Islamic	932
Truck	933
Tamil	934
Census-designated	935
BBC	936
Al-Shoalah	937
Symbolist	938
Emma	939
Friburguense	940
Woking	941
Oklahoma	942
Hammarby	943
US	944
Lenin	945
Individualist	946
Granada	947
Quebec	948
Vålerenga	949
Heybridge	950
Marginal	951
Music	952
Buffalo	953
Al-Shorta	954
Matlock	955
body	956
Forts	957
Medalists	958
Saints	959
Miedź	960
9/11	961
Filmation	962
Namibia	963
river	964
Coast	965
Expatriates	966
Copper	967
Robotics	968
Novels	969
Microsoft	970
2010s	971
Red	972
Reprise	973
Bebop	974
Italian-language	975
Background	976
Bergenfield	977
Impeached	978
Action	979
Rappers	980
Taiwanese	981
Biblical	982
Secretaries	983
TVT	984
EWE	985
Rykodisc	986
Provo	987
Ballistics	988
1996	989
Social	990
Wales	991
Wiener	992
Astrologers	993
Hungarian-German	994
continent	995
Perak	996
D.C.	997
Toy	998
Al-Riyadh	999
Shillong	1000
Funcinpec	1001
Ascenso	1002
Barons	1003
Shanghai	1004
Wisbech	1005
Singers	1006
Brighton	1007
Malagasy	1008
Leicester	1009
Mathematics	1010
Vaudeville	1011
Priority	1012
L'Entente	1013
USISL	1014
Holy	1015
CB	1016
Girl	1017
Dark	1018
Earls	1019
Pakistan	1020
Wigan	1021
Sufi	1022
Irish-American	1023
University	1024
Twin	1025
Iowa	1026
Urban	1027
War	1028
Shoguns	1029
Jerez	1030
Abstract	1031
PIAS	1032
Baloncesto	1033
Malayalam	1034
Ely	1035
Damash	1036
Grenoble	1037
cape	1038
Giulianova	1039
Natural	1040
Nea	1041
Newcastle	1042
Fisher	1043
Rosario	1044
A.C.R.	1045
Pre-Linnaean	1046
Macedonian	1047
Online	1048
Lorentz	1049
Viktoria	1050
Separatist	1051
Dibba	1052
Kuomintang	1053
Portugal	1054
Al-Musannah	1055
Indie	1056
BNA	1057
Reunion	1058
Geneticists	1059
GNOME	1060
Germany	1061
Al-Wahda	1062
Fluminense	1063
Renaissance	1064
Denver	1065
Dumbarton	1066
Altay	1067
Phoenix	1068
Grade	1069
Bidvest	1070
Detroit	1071
Torslanda	1072
FBC	1073
Fictional-language	1074
Capricorn	1075
Sex-positive	1076
Milwaukee	1077
Dartmouth	1078
Philatelists	1079
Montana	1080
River	1081
Hill	1082
Sri	1083
Iraqi	1084
Cypriot	1085
Holodomor	1086
İnegölspor	1087
Chess	1088
Historical	1089
Dawu	1090
Rectors	1091
Masters	1092
Curzon	1093
Mandarin-language	1094
Sportswriters	1095
Oxford	1096
Rutherglen	1097
2011	1098
Castel	1099
Reggina	1100
9th-century	1101
Wargame	1102
Mjøndalen	1103
Paksi	1104
Réunionnais	1105
Methodist	1106
Distinguished	1107
Spennymoor	1108
CD	1109
Premier	1110
Green	1111
Filmfare	1112
Charter	1113
SK	1114
1986	1115
Cal	1116
Turkmenistan	1117
RCA	1118
Nigerien	1119
Certified	1120
Coasts	1121
Buildings	1122
International	1123
Campgrounds	1124
Connecticut	1125
Special	1126
Everton	1127
S.C.	1128
Czechoslovak	1129
Pinball	1130
Philistine	1131
Leaders	1132
10th-century	1133
Centennial	1134
Vanspor	1135
Fiji	1136
Ibizan	1137
Molde	1138
Zamora	1139
Swazi	1140
Toshiba	1141
Texas	1142
Ordained	1143
Bengali	1144
La	1145
KK	1146
Ajka	1147
Theatre	1148
Hull	1149
Professional	1150
Sunderland	1151
Montenegrin	1152
Vital'O	1153
Huntsville	1154
Northwood	1155
Melbourne	1156
Directorial	1157
Pupils	1158
Harvard	1159
Atlante	1160
Melodi	1161
Kung	1162
Solomon	1163
politician	1164
RCF	1165
Suburbs	1166
HK	1167
Charities	1168
Public	1169
Ulsan	1170
Chasetown	1171
Chapels	1172
Hacettepe	1173
VfR	1174
Architects	1175
Sieges	1176
Walt	1177
Dolphins	1178
Role-playing	1179
Jangle	1180
Pepperdine	1181
Harrowby	1182
Boyz	1183
PBC	1184
Scunthorpe	1185
Mauritian	1186
Buchenwald	1187
Parks	1188
Excelsior	1189
Volcanoes	1190
Turkish	1191
Research	1192
UB	1193
Physics	1194
Fan-owned	1195
Pragmatists	1196
Nine	1197
Custard	1198
Philippine	1199
Anti-corporate	1200
1964	1201
Willington	1202
Rot-Weiß	1203
Lycée	1204
African	1205
France	1206
Shirin	1207
Software	1208
Iberia	1209
Aydınspor	1210
Heavy	1211
Cameroon	1212
Macedonia	1213
Deserts	1214
Archduchesses	1215
region	1216
Puppeteers	1217
Vice	1218
Directors	1219
Doom	1220
Nelson	1221
Brentford	1222
Brockenhurst	1223
NEC	1224
Foreign	1225
Naval	1226
Zimbabwean	1227
Arlesey	1228
Warlords	1229
Tuna	1230
Princesses	1231
Colne	1232
Austro-Hungarian	1233
Eger	1234
Raï	1235
Far-right	1236
Jonas	1237
Valparaiso	1238
A.S.D.	1239
3.	1240
Wyoming	1241
Newark	1242
Rwandan	1243
Spa	1244
Bathgate	1245
Newmarket	1246
Albacete	1247
Goya	1248
ŁKS	1249
Big	1250
Clarkson	1251
Newell's	1252
Anagennisi	1253
Bohemian	1254
Woodford	1255
Coban	1256
Békéscsaba	1257
Mental	1258
Beastie	1259
Calais	1260
ASPV	1261
Tokyo	1262
Mandalskameratene	1263
Northeast	1264
Switzerland	1265
Hotel	1266
Wingate	1267
Montenegro	1268
Syriac	1269
Roasso	1270
IFK	1271
Circulating	1272
Uhrik	1273
Italy	1274
Akçaabat	1275
Gambian	1276
AEC	1277
Visva-Bharati	1278
Kabuscorp	1279
Écija	1280
Curb	1281
Wisconsin	1282
Glenrothes	1283
Cogenhoe	1284
Hip	1285
Yee	1286
Martiniquais	1287
Critics	1288
Oakland	1289
Romantic	1290
Besa	1291
ELDR	1292
Dependency	1293
Pacy	1294
W	1295
Sporting	1296
Leibniz	1297
Central	1298
Pritzker	1299
Nashville	1300
Charlotte	1301
Savona	1302
Grenadian	1303
Forth	1304
Kinnaird	1305
Christian	1306
Competitions	1307
Ugandan	1308
Aberaman	1309
L'Aquila	1310
Falkirk	1311
Torneo	1312
Bideford	1313
Great	1314
Alfreton	1315
Performers	1316
Pro12	1317
Tampere	1318
Burton	1319
Modern	1320
Illinois	1321
Mormon	1322
Buddhist	1323
Contemporary	1324
Tupi	1325
News	1326
Tennis	1327
Eisenhüttenstädter	1328
Traditional	1329
Planeta	1330
Visual	1331
Indiana	1332
Guinea-Bissauan	1333
Painters	1334
Novara	1335
city	1336
Labour	1337
Togolese	1338
DYuSSh	1339
UA	1340
Inti	1341
2003	1342
Delfino	1343
1982	1344
Audax	1345
APOEL	1346
Art	1347
Boroughs	1348
Oyak	1349
Bush	1350
León	1351
Field	1352
Prime	1353
Participants	1354
Dixieland	1355
Heinrich	1356
Cercle	1357
AFC	1358
Hemel	1359
Bechem	1360
Saudi	1361
Faroese	1362
Medieval	1363
SM-liiga	1364
Netherlands	1365
Haverfordwest	1366
Citizens	1367
Khazar	1368
Shotokan	1369
BEL-Mid	1370
Crook	1371
Propaganda	1372
Marvel	1373
Beijing	1374
Gaziosmanpaşaspor	1375
Quaker	1376
Class	1377
Obese	1378
Landskrona	1379
NUTS	1380
Desperate	1381
Sofapaka	1382
7th-century	1383
1972	1384
UD	1385
Duchesses	1386
Intergovernmental	1387
Lech	1388
Carlyle	1389
Architecture	1390
Kashmiri	1391
Wisła	1392
Car	1393
Iraklis	1394
Hundreds	1395
Ramsar	1396
Pali	1397
Dayton	1398
ForeFront	1399
Cambodian	1400
Batuque	1401
Fox	1402
Cruz	1403
Kenya	1404
Belize	1405
Hastings	1406
Cultural	1407
Ceramists	1408
Ismaily	1409
Medical	1410
Whaling	1411
Power	1412
Historic	1413
Sultans	1414
Hume	1415
Fribourg	1416
Lyubimetz	1417
12	1418
Ethologists	1419
Vietnam	1420
Bass	1421
Bancarella	1422
Spoken	1423
Indo	1424
Hostages	1425
Mayors	1426
Tobermore	1427
Paleontologists	1428
Communist	1429
Beşiktaş	1430
Blyth	1431
Heavenly	1432
Tooting	1433
Sacramento	1434
Telford	1435
Miramax	1436
Uberaba	1437
Weston-super-Mare	1438
Al-Taawon	1439
Buena	1440
Nanjing	1441
Salgueiro	1442
Tebo	1443
Gold	1444
Salsa	1445
Kjøbenhavns	1446
Bare-knuckle	1447
Greenock	1448
Company	1449
Luaka	1450
Countesses	1451
Flautists	1452
Benin	1453
Aircraft	1454
Eötvös	1455
Sky	1456
Mainstream	1457
Motor	1458
Bridgewater	1459
Incorporated	1460
Besançon	1461
Muangthong	1462
Leeuwenhoek	1463
Triangle	1464
Pawtucket	1465
SS	1466
Clubs	1467
Yiddish-speaking	1468
Fovu	1469
Odense	1470
Paulínia	1471
Sammarinese	1472
1970s	1473
Human	1474
1988	1475
Nebraska	1476
Jordan	1477
Alexandru	1478
Dunipace	1479
Havnar	1480
Operário	1481
Basque	1482
Loyola	1483
Persires	1484
King's	1485
Scientific	1486
Canterbury	1487
Zen	1488
Sliema	1489
C.A.	1490
Faroe	1491
television	1492
Geophysics	1493
Toronto	1494
1984	1495
Leiden	1496
Espérance	1497
Ilfracombe	1498
Al-Muharraq	1499
Cajun	1500
Ossetian	1501
Maltese	1502
Paris	1503
Pennsylvania	1504
Fijian	1505
Dance	1506
Franciscan	1507
Academicians	1508
Muğlaspor	1509
Bryne	1510
Gestalt	1511
Genie	1512
Orthodox	1513
Richard	1514
Chesham	1515
Solidarity	1516
Chrysler	1517
Outermost	1518
Walloon	1519
Physicians	1520
Croatia	1521
Spelman	1522
Privately	1523
GET-ligaen	1524
2nd-century	1525
Syracuse	1526
Qingdao	1527
Essayists	1528
Democratic-Republican	1529
Drag	1530
Peterhead	1531
Quartermasters	1532
Huracán	1533
Mumbai	1534
B71	1535
sex	1536
Houston	1537
Paraguay	1538
Bishops	1539
Paniliakos	1540
Foothill	1541
Filipino	1542
Doncaster	1543
Bayer	1544
Parish	1545
Executed	1546
NBC	1547
2000s	1548
Hamburger	1549
Malawi	1550
Sermon	1551
Womanist	1552
Asian	1553
Grindcore	1554
Monarchs	1555
Gazélec	1556
Shawfield	1557
Lex	1558
NSÍ	1559
Boot	1560
Paraguayan	1561
Guizhou	1562
Telekom	1563
Szombathelyi	1564
Kyoto	1565
Deans	1566
UCLA	1567
Catawba	1568
Tropical	1569
Fiemme	1570
Dardanelspor	1571
Bucolic	1572
Cold	1573
Paris-Levallois	1574
Chester	1575
Emperors	1576
2009	1577
Self-styled	1578
Occultists	1579
Guarani	1580
Farsley	1581
MNK	1582
Superleague	1583
Santos	1584
Gombe	1585
FBK	1586
Kaposvölgye	1587
Theoretical	1588
Carol	1589
Schenley	1590
Conglomerate	1591
Strategic	1592
Margate	1593
Reality	1594
Idaho	1595
Dundee	1596
Meistriliiga	1597
Motorsport	1598
Headphones	1599
Al-Ittihad	1600
Independiente	1601
Economics	1602
General	1603
Aluminium	1604
Bregenz	1605
Etymologists	1606
Radar	1607
Binghamton	1608
AFK	1609
Places	1610
Pitcairn	1611
Spanish-language	1612
Castilian-Leonese	1613
Express	1614
Kendal	1615
Bhawanipur	1616
Waasland-Beveren	1617
Determinists	1618
Carpi	1619
Ceglédi	1620
LionsXII	1621
K.F.C.	1622
Stoke	1623
Tampa	1624
Luftwaffe	1625
Marxist	1626
Townsend	1627
Bexley	1628
Peabody	1629
Omani	1630
Stadiums	1631
Cairo	1632
Jersey	1633
Supernumerary	1634
Colby	1635
Neoclassical	1636
Ajax	1637
Cadet	1638
Engine	1639
Alternative	1640
Jia	1641
Gela	1642
Ruch	1643
C.S.	1644
Flandria	1645
Yokohama	1646
Mayflower	1647
Arkas	1648
Thrillers	1649
Dresdner	1650
Luncarty	1651
Fictional	1652
Edmonton	1653
Modernist	1654
Sociedade	1655
Choreographers	1656
Caldas	1657
Enosis	1658
Fingerstyle	1659
Canals	1660
Cardiologists	1661
Redditch	1662
Ireland	1663
Kenyan	1664
Iron	1665
Rio	1666
Parma	1667
Università	1668
Championnat	1669
Millonarios	1670
Tram	1671
Fortuna	1672
Marshall	1673
Campeonato	1674
El	1675
Nigeria	1676
Landstede	1677
Gordon	1678
Beylerbeyi	1679
Kapfenberger	1680
HNK	1681
Finnish-speaking	1682
Seaham	1683
Xerez	1684
Grays	1685
Pushkin	1686
Drøbak-Frogn	1687
Pomona	1688
Egaleo	1689
1962	1690
Tacuarembó	1691
Deportes	1692
Samoan	1693
Machine	1694
CAS	1695
Anarchist	1696
Porto	1697
Colchester	1698
Education	1699
Principalities	1700
Design	1701
Igtisadchi	1702
Magritte	1703
Panionios	1704
K	1705
Atolls	1706
Functionalist	1707
BVSC	1708
Men's	1709
Landscape	1710
McGill	1711
SSV	1712
Uranium	1713
Emerson	1714
1916	1715
Pearl	1716
Franklin	1717
Bisexual	1718
Baltic-German	1719
Federal	1720
Missing	1721
Gambling	1722
HEC	1723
K.V.	1724
Experimental	1725
Mystics	1726
Once	1727
Beitar	1728
Dolcan	1729
Telecommunications	1730
Pensioners'	1731
Franco-Ontarian	1732
Fontana	1733
Monuments	1734
GOOD	1735
Mestis	1736
Latin-language	1737
VfB	1738
Accademia	1739
Horrorcore	1740
1983	1741
Gambia	1742
Berekum	1743
Anthony	1744
park	1745
Slippery	1746
Trikala	1747
Vitória	1748
Llaneros	1749
Siena	1750
Aldershot	1751
Physicists	1752
OFK	1753
Jazz-rock	1754
Moreirense	1755
Birmingham	1756
Knight	1757
Sophisti-pop	1758
Croydon	1759
Currency	1760
Handball	1761
Vefa	1762
John	1763
Dungeons	1764
Geylang	1765
Jure	1766
Gresley	1767
Sheffield	1768
Multilingual	1769
2006	1770
Colón	1771
VfL	1772
Śląsk	1773
Native	1774
Gimnasia	1775
Sangju	1776
Statistical	1777
Frickley	1778
Neolithic	1779
Puntarenas	1780
Schola	1781
Saline	1782
Industrial	1783
Milestone	1784
BSC	1785
Skin	1786
Arka	1787
Crusade	1788
Fimleikafélag	1789
1989	1790
Stunt	1791
English-speaking	1792
Canoas	1793
Brierley	1794
Mohammedan	1795
Al-Khor	1796
Hereditary	1797
Birdwatching	1798
Strasbourg	1799
Waldorf	1800
Flower	1801
Örebro	1802
Bengali-language	1803
Yomiuri	1804
Viborg	1805
SG	1806
Rivoli	1807
MTK	1808
Fylkir	1809
Pensacola	1810
Nitro	1811
Trope	1812
Lochs	1813
F.B.C.	1814
Brønshøj	1815
Population	1816
Governors	1817
Drumcondra	1818
Funk	1819
Vittoriosa	1820
Peterborough	1821
Thespa	1822
Surfing	1823
Tensile	1824
Raleigh	1825
Huguenot	1826
Albirex	1827
Production	1828
Assyrian	1829
Lewes	1830
Ecuadorian	1831
Benevento	1832
Guatemalan	1833
Atlantis	1834
Liverpool	1835
Ikast	1836
Polders	1837
Translation	1838
CSD	1839
Blackburn	1840
Zambian	1841
Persian	1842
Kapampangan	1843
Örgryte	1844
Post-Keynesian	1845
Armagh	1846
Wilmington	1847
1930s	1848
1970	1849
Assamese-language	1850
Calcio	1851
Web	1852
Connah's	1853
Athlone	1854
Parkhead	1855
Magazine	1856
Clydebank	1857
Bandy	1858
Aligarh	1859
Szigetszentmiklósi	1860
SNDT	1861
Odra	1862
Electronics	1863
Mobile	1864
Psychological	1865
Arturo	1866
Quilmes	1867
Volkswagen	1868
Loughborough	1869
military	1870
Chase	1871
SO	1872
Fujieda	1873
Broxbourne	1874
IBM	1875
Waitakere	1876
Generals	1877
Multiplayer	1878
Warner	1879
Campaign	1880
Singapore	1881
Air	1882
R.U.	1883
Operations	1884
Foundations	1885
Crater	1886
Mozambique	1887
Idealists	1888
Soul-jazz	1889
Anthropologists	1890
Derby	1891
CE	1892
Short	1893
Bible	1894
Nadi	1895
National-Social	1896
Celta	1897
Sutton	1898
venue	1899
Anglican	1900
Sudbury	1901
Catuense	1902
Louisville	1903
Rochdale	1904
ESPOLI	1905
USC	1906
Cadence	1907
Rationalists	1908
Arenas	1909
Governesses	1910
ŠK	1911
Ølstykke	1912
3rd-century	1913
Penrith	1914
El-Kanemi	1915
Rift	1916
Polydor	1917
Athletics	1918
Exhumed	1919
Angoulême	1920
Marshals	1921
Legia	1922
road	1923
Crown	1924
Radical	1925
Yate	1926
Early	1927
Government-owned	1928
Witton	1929
Kearny	1930
Open	1931
Estonia	1932
Chalfont	1933
Syria	1934
Dallas	1935
Contraltos	1936
astronaut	1937
Warri	1938
Northallerton	1939
IRB	1940
Third	1941
1990s	1942
FCM	1943
Drogheda	1944
RKC	1945
Developmental	1946
Shamoushak	1947
Gipuzkoa	1948
Secessionist	1949
First-level	1950
UDA	1951
Village	1952
Hard	1953
Nacional	1954
Edgware	1955
Cantonese	1956
Borussia	1957
Emirati	1958
Quantum	1959
Feminists	1960
Webster	1961
Bangabasi	1962
Lithuania	1963
Bards	1964
Gakushuin	1965
Warren	1966
Dual	1967
Sabah	1968
Racing	1969
Tennessee	1970
Middlebury	1971
Sire	1972
Terrassa	1973
Beninese	1974
Geffen	1975
Empresses	1976
Bahraini	1977
Home	1978
Multinational	1979
Commonwealth	1980
Shia	1981
Villarreal	1982
Adanaspor	1983
Broadway	1984
Edinburgh	1985
Atheist	1986
Jacksonville	1987
Tokushima	1988
Tai	1989
Welterweight	1990
Relativity	1991
Halifax	1992
Rus	1993
Associated	1994
Wolverhampton	1995
Physical	1996
Psychical	1997
Rhodes	1998
Nerdcore	1999
Sint-Maartenscollege	2000
Selangor	2001
Nottingham	2002
Resende	2003
ND	2004
K.S.K.	2005
Proposed	2006
Sông	2007
Shrewsbury	2008
Workington	2009
Ethnic	2010
Mimes	2011
Tapestry	2012
Batman	2013
Activists	2014
Palaces	2015
Linux	2016
Brisbane	2017
Elegiac	2018
Bradford	2019
Arena	2020
1954	2021
Windows	2022
Cagliari	2023
agency	2024
Enja	2025
Aylesbury	2026
Mac	2027
Restaurant	2028
Azerbaijan	2029
1966	2030
Shoe	2031
Vasco	2032
2001	2033
UNESCO	2034
Collectors	2035
Ovarian	2036
Étoile	2037
York	2038
Post-bop	2039
Marx	2040
Al-Qadisiyah	2041
Norwich	2042
ECHL	2043
Wabash	2044
Floreat	2045
Singaporean	2046
Anglo-Welsh	2047
Uzbekistan	2048
Breiðablik	2049
1210s	2050
Draper	2051
Chartered	2052
Broken	2053
Hucknall	2054
Nordic	2055
Incheon	2056
Orlando	2057
Confederate	2058
Canberra	2059
Nursing	2060
Right	2061
Nonviolence	2062
Julian	2063
Grace	2064
FUS	2065
Ipswich	2066
Banfield	2067
Animal	2068
K.	2069
Passenger	2070
Southall	2071
Vegalta	2072
Volta	2073
Brusque	2074
Investigative	2075
MŠK	2076
Kyrgyzstani	2077
Churchill	2078
MO	2079
Ferroviário	2080
Austria	2081
Localities	2082
Indonesia	2083
Hibernian	2084
Indigenous	2085
Prestwich	2086
Delta	2087
Kolejarz	2088
Cornish	2089
Padma	2090
Keyboardists	2091
Bad	2092
Landlocked	2093
Sengkang	2094
Systems	2095
Virgin	2096
Broward	2097
Guerrilla	2098
Neo-Keynesian	2099
Bury	2100
Frosinone	2101
Solihull	2102
Mamelodi	2103
Rollins	2104
Mende	2105
Cosenza	2106
Chairmen	2107
AEK	2108
Umeå	2109
Deltras	2110
Warta	2111
Amusement	2112
ES	2113
Fort	2114
beacon	2115
August	2116
Wellington	2117
Bankers	2118
Cradley	2119
Dancehall	2120
Illyrian	2121
Anime	2122
album	2123
Qatar	2124
CFM	2125
Maine	2126
King	2127
Indianapolis	2128
Boldmere	2129
Ilysiakos	2130
Arabic-speaking	2131
Worthing	2132
JDA	2133
Environmental	2134
Altona	2135
Theatres	2136
Unitary	2137
Religious	2138
Antalyaspor	2139
Feyenoord	2140
Marriott	2141
1979	2142
Stationery	2143
Gençlerbirliği	2144
Peers	2145
Clyde	2146
Textil	2147
Salisbury	2148
Relapse	2149
Pashas	2150
Logie	2151
UNICEF	2152
Investment	2153
Valley	2154
Turkey	2155
Swindon	2156
Hawke's	2157
Azerbaijani-speaking	2158
Hampton	2159
Sindhi	2160
TJ	2161
Goiás	2162
Conchologists	2163
A.F.C.	2164
Heirs	2165
Latvian	2166
Pollok	2167
Knattspyrnufélagið	2168
Economic	2169
Longford	2170
Mendip	2171
Poland	2172
Graphic	2173
Subject–object–verb	2174
Digenis	2175
Monetarists	2176
Goju-ryu	2177
KFC	2178
Trasandino	2179
Almere	2180
Skoda	2181
Immaculate	2182
World's	2183
Seafaring	2184
KV	2185
Encyclopedists	2186
Cotonsport	2187
Lake	2188
Rayon	2189
Seminaries	2190
One	2191
Kidderminster	2192
Foggia	2193
Burmese	2194
2010	2195
German-language	2196
Kill	2197
Glenavon	2198
Jong	2199
Bennington	2200
Caldecott	2201
Seas	2202
Artificial	2203
RCD	2204
Ceremonial	2205
Galician	2206
Direct	2207
Joventut	2208
Tencent	2209
Characters	2210
Aalborg	2211
Novelists	2212
Fields	2213
Empoli	2214
Demecser	2215
Airdrieonians	2216
Physiologists	2217
Union	2218
Pseudonymous	2219
Patriots	2220
UIC	2221
Miss	2222
Burnham	2223
Sciences	2224
Settlers	2225
Bartenders	2226
Hotchkiss	2227
Hartlepool	2228
Annual	2229
Ciudad	2230
Anti-globalization	2231
Redhill	2232
AC	2233
Researchers	2234
8th-century	2235
Humanitarians	2236
Works	2237
Albania	2238
James	2239
Odivelas	2240
Scientology	2241
Buxoro	2242
Plaza	2243
Slovene	2244
Information	2245
Molesey	2246
Smooth	2247
Psychedelic	2248
Irapuato	2249
Prussian	2250
Differential	2251
Family	2252
Baronets	2253
Bermuda	2254
S.V.	2255
Alexander	2256
Nautical	2257
Cuba	2258
Alpha	2259
Health	2260
Williams	2261
All-German	2262
Speakers	2263
Punjab	2264
Aberystwyth	2265
Paraná	2266
Moldova	2267
Fenerbahçe	2268
GRP	2269
Mezzanine	2270
Asker	2271
Cool	2272
Montpellier	2273
Bahamian	2274
Manor	2275
Happy	2276
GKP	2277
Mountaineering	2278
Annecy	2279
Latvia	2280
1928	2281
Friends	2282
Wycombe	2283
Plateaus	2284
Socialists	2285
Holstein	2286
1950	2287
Landmarks	2288
Stevenage	2289
Nonlinear	2290
Malatyaspor	2291
Queen's	2292
Shelbourne	2293
Kurdish	2294
Preston	2295
LEB	2296
Agricultural	2297
Pop	2298
Åtvidabergs	2299
Teachers	2300
Fisk	2301
Tromsø	2302
Wrexham	2303
Aragua	2304
Circus	2305
Stamford	2306
Hairdressers	2307
Chiapas	2308
Babylonian	2309
Middlesex	2310
Derthona	2311
law	2312
OGC	2313
Smallpox	2314
Belizean	2315
Galatasaray	2316
Metal	2317
Botswana	2318
Fleetwood	2319
Swansea	2320
Goyang	2321
Flagship	2322
Beat	2323
BYG	2324
Nepal	2325
Manga	2326
Primera	2327
Pacifists	2328
1550s	2329
Malmö	2330
Cañuelas	2331
Animated	2332
Functional	2333
Rhodesian	2334
Commissioners	2335
Ore	2336
Tuen	2337
Lille	2338
Tanzania	2339
Poetry	2340
Luxembourgian	2341
Oud-Heverlee	2342
Trading	2343
Journalists	2344
Border	2345
Technology	2346
Minimalist	2347
Henan	2348
Motherboard	2349
L.D.	2350
Hebrew	2351
SKY	2352
AZ	2353
Weimar	2354
Muse	2355
Clevedon	2356
Taranto	2357
CA	2358
5th	2359
Al-Ansar	2360
emperor	2361
Zimbabwe	2362
JSM	2363
Rockdale	2364
Celtic	2365
Grenada	2366
1952	2367
Yiddish-language	2368
1670s	2369
Alien	2370
No	2371
Dry	2372
Onisilos	2373
Alabama	2374
Västerås	2375
Neanderthal	2376
Næstved	2377
Gibraltarian	2378
Russian-language	2379
Elazığspor	2380
French-Polish	2381
Mercury	2382
Gaelic	2383
Brechin	2384
Degerfors	2385
Wigry	2386
Opinion	2387
Sportfreunde	2388
Resonator	2389
Vodacom	2390
Cricketers	2391
ASO	2392
Guinea-Bissau	2393
Rocket	2394
Modal	2395
Winnipeg	2396
Málaga	2397
Panama	2398
Modena	2399
Alien8	2400
hockey	2401
Carnoustie	2402
Viceroys	2403
Andorran	2404
First	2405
Permanent	2406
Olympiacos	2407
Jugglers	2408
Violence	2409
Almagro	2410
Sault	2411
Flinders	2412
Talleres	2413
Bath	2414
Monastir	2415
Mount	2416
Editors	2417
Secret	2418
1995	2419
This	2420
Apocalyptic	2421
Pan	2422
Adventure	2423
Kavala	2424
Kwara	2425
Kahramanmaraşspor	2426
Nordvest	2427
Maidenhead	2428
Swimmers	2429
Property	2430
RBC	2431
Aviation	2432
Sonneteers	2433
leader	2434
Dongguk	2435
Asutosh	2436
HamKam	2437
Daher	2438
club	2439
Carlisle	2440
Lebanon	2441
Cao	2442
Persib	2443
Colorectal	2444
Soproni	2445
1938	2446
Barakaldo	2447
Chongqing	2448
2000	2449
RoPS	2450
Keflavík	2451
Romania	2452
Tercera	2453
Feminist	2454
Estudiantes	2455
Bucaspor	2456
Daugava	2457
Falkland	2458
Rhythm	2459
building	2460
Lagunes	2461
Stal	2462
player	2463
Dunakanyar-Vác	2464
Genoa	2465
Impresarios	2466
Prophets	2467
Evangelical	2468
Rot	2469
Sparta	2470
Santiago	2471
Ateneo	2472
BFC	2473
Meänkieli	2474
MacArthur	2475
Phillips	2476
Guiseley	2477
Groton	2478
C.S.D.	2479
Standard	2480
1600s	2481
Freestyle	2482
Afrikaans-speaking	2483
Ehime	2484
Darwen	2485
Explorers	2486
Seongnam	2487
Armenian-speaking	2488
TVB	2489
Astralwerks	2490
Eagle	2491
Kidsgrove	2492
Platense	2493
Stratford	2494
Queens	2495
Mansfield	2496
Caersws	2497
Horn	2498
Smithsonian	2499
Florida	2500
Survivors	2501
Sacred	2502
Helicopter	2503
Pharmacy	2504
Hakoah	2505
Retail	2506
Orange	2507
Embedded	2508
Models	2509
Cinque	2510
Elche	2511
Telstar	2512
Mfantsipim	2513
Palestine	2514
Nationalist	2515
Non-fiction	2516
Blackpool	2517
1971	2518
Jihadist	2519
Haaglandia	2520
ACF	2521
Secularist	2522
Rockabilly	2523
Red-light	2524
Solbiatese	2525
Ecole	2526
Hearst	2527
Courtroom	2528
Stocksbridge	2529
Syntacticians	2530
KGB	2531
Outsider	2532
Moers	2533
Automotive	2534
LGBT-themed	2535
Paramilitary	2536
Prefects	2537
Pallacanestro	2538
Kaposvári	2539
Oceanian	2540
Ladin	2541
Chaoui	2542
Thurrock	2543
Fordham	2544
Geologic	2545
Humanists	2546
Changchun	2547
Nigar	2548
A.D.	2549
20th	2550
Fyodor	2551
Arista	2552
Byzantine	2553
Lone	2554
Enyimba	2555
Economists	2556
Divided	2557
CFR	2558
Perth	2559
Worcester	2560
Rangers	2561
Keith	2562
Basingstoke	2563
Rhode	2564
Shahin	2565
K.R.C.	2566
Al-Hilal	2567
Caledonian	2568
Córdoba	2569
Bloomington	2570
Northeastern	2571
Sabé	2572
Samsunspor	2573
Votoraty	2574
Auto	2575
Accrington	2576
Persiba	2577
Bundeswehr	2578
Anti–World	2579
Payam	2580
Masonic	2581
Newry	2582
Sony	2583
Diyarbakırspor	2584
Children's	2585
Leyton	2586
Tegart	2587
Scindia	2588
Ittihad	2589
1st-century	2590
Guitarists	2591
Kaiser	2592
Glenafton	2593
VMFD	2594
Package	2595
PAS	2596
Clermont	2597
S.S.C.	2598
Battery	2599
Internet	2600
Germanophone	2601
Hutnik	2602
Shenyang	2603
Baronies	2604
Publicly	2605
Godoy	2606
Potentially	2607
CR	2608
Memphis	2609
S.League	2610
Cotton	2611
Yavapai	2612
Departments	2613
Entertainers	2614
Rebellions	2615
UP	2616
Catholic	2617
Southampton	2618
Shamus	2619
Osmania	2620
sea	2621
Rye	2622
Alemannia	2623
Al-Raed	2624
Las	2625
BK	2626
Wollongong	2627
Alianza	2628
Bridge	2629
Liechtenstein	2630
Rhineland	2631
Innovators	2632
Ethiopian	2633
Auxiliary	2634
Tributaries	2635
Iraq	2636
Speed	2637
Outlaw	2638
Tiburones	2639
Mexico	2640
Kilsyth	2641
Boavista	2642
Bnei	2643
Jazz-blues	2644
Les	2645
Apple	2646
Susu	2647
Viking	2648
RWTH	2649
Getafe	2650
Moral	2651
JCT	2652
Dimension	2653
Ryukyu	2654
Print	2655
Brazil	2656
Behavior	2657
Egham	2658
HŠK	2659
FSV	2660
Massacres	2661
Linguists	2662
Performing	2663
Esan	2664
Electronica	2665
Jamaica	2666
Playboy	2667
Radio	2668
Chesapeake	2669
Auschwitz	2670
Xiamen	2671
Pickering	2672
Indoor	2673
ASVEL	2674
Phoenician	2675
Casuals	2676
Kerala	2677
Manglerud	2678
Grankulla	2679
Stirling	2680
Old-time	2681
Portuguese-language	2682
Scooter	2683
Dhofar	2684
Hitchin	2685
Wheeling	2686
Samajwadi	2687
Arabesque	2688
Shenzhen	2689
Lochee	2690
Nîmes	2691
Sportivo	2692
Znicz	2693
Ross	2694
Criciúma	2695
Budaörsi	2696
Peel	2697
Ukulele	2698
Newport	2699
Algebraic	2700
Post–Russian	2701
Volcanic	2702
Neuroscientists	2703
Chelsea	2704
Montessori	2705
OFC	2706
Service	2707
Lommel	2708
Electors	2709
Gangwon	2710
Kashiwa	2711
Zob	2712
Sponsored	2713
Chippenham	2714
Fame	2715
Marquesses	2716
Uşakspor	2717
Cognitive	2718
NIFL	2719
Cabaret	2720
Padiham	2721
JS	2722
Harmonica	2723
Alsatian-German	2724
Unrelegated	2725
DePaul	2726
Crawley	2727
Armies	2728
Finland	2729
Thetford	2730
FA	2731
Calvert	2732
Acharnaikos	2733
Boca	2734
1961	2735
Dunstable	2736
Holocaust	2737
Clachnacuddin	2738
Glenelg	2739
Autoharp	2740
Villanova	2741
Bangor	2742
Epistemologists	2743
Kilwinning	2744
Caribbean	2745
Claimant	2746
USSR	2747
Mercersburg	2748
Maharashtra	2749
Notwane	2750
IF	2751
Classical-period	2752
R.E.	2753
Nueva	2754
Peplum	2755
Junior	2756
Kocaelispor	2757
Lieutenancy	2758
Maldon	2759
Middle	2760
Glascock	2761
Restaurateurs	2762
Team	2763
memorial	2764
PSNI	2765
Vissel	2766
Board	2767
Nationalliga	2768
Southwestern	2769
MTV	2770
ABA-accredited	2771
Assyriska	2772
Chacarita	2773
Topklasse	2774
1976	2775
Japan	2776
Valencia	2777
Varzim	2778
Automobile	2779
De	2780
Berliner	2781
Kresnik	2782
Watford	2783
Mathare	2784
Serbian-language	2785
Nazi	2786
St	2787
UFO-related	2788
Psychologists	2789
Patriotas	2790
Streets	2791
Late	2792
Sunset	2793
Baltimore	2794
HIV/AIDS	2795
Ghana	2796
Ankara	2797
Elgin	2798
Tibet	2799
EMI	2800
Enterprise	2801
Chrysalis	2802
Belper	2803
Forres	2804
Huachipato	2805
Afyonkarahisarspor	2806
1960s	2807
Mystic	2808
Anthology	2809
Parody	2810
Epic	2811
Sapins	2812
São	2813
Brøndby	2814
Pedestrian	2815
Komáromi	2816
Budapest	2817
Hajer	2818
Boldklubben	2819
Sundanese	2820
Puget	2821
Voice	2822
Diagoras	2823
Silkeborg	2824
Austin	2825
Panachaiki	2826
Ongoing	2827
Rink	2828
Siirtspor	2829
Soap	2830
Süper	2831
Gallipoli	2832
Harbour	2833
HBO	2834
Víkingur	2835
Marsaxlokk	2836
Bilingual	2837
philosopher	2838
Aerospace	2839
Notts	2840
Coleraine	2841
Ashfield	2842
White	2843
HFC	2844
China	2845
Lesotho	2846
Radcliffe	2847
Blue	2848
Aberdeen	2849
Fashion	2850
Tatar	2851
Jackson	2852
Navies	2853
Japanese-language	2854
Sega	2855
Expatriated	2856
Drama	2857
Panathinaikos	2858
Fat	2859
Alchemists	2860
Hartford	2861
Bucknell	2862
Corsica	2863
Boluspor	2864
Cortuluá	2865
Sepahan	2866
Palo	2867
Dolby	2868
Defence	2869
Anarchism	2870
Turkish-language	2871
Springfield	2872
Gracie	2873
Burlesque	2874
Bajai	2875
Wittgensteinian	2876
Disabled	2877
Peru	2878
Corby	2879
Bognor	2880
Erie	2881
Udinese	2882
Megaforce	2883
Hal	2884
Polar	2885
Rowing	2886
Acid	2887
Correspondents	2888
Waikato	2889
Ontario	2890
Hitachi	2891
BEC	2892
Romanian-speaking	2893
Lounge	2894
Neo	2895
Geologists	2896
Fullerian	2897
Sahel	2898
Caucasus	2899
Underwater	2900
Muirkirk	2901
Bangalore	2902
Promise	2903
Wesleyan	2904
Quad	2905
Ards	2906
Isthmian	2907
Star	2908
Uxbridge	2909
Enköpings	2910
Hyères-Toulon	2911
Akratitos	2912
Gentlemen	2913
Crunk	2914
Earth	2915
Orientalists	2916
Swiss-French	2917
Gentleman	2918
PAOK	2919
Lobos	2920
Allsvenskan	2921
Triathlon	2922
Independentist	2923
Waterhouse	2924
1968	2925
BSFA	2926
Palm	2927
Inventors	2928
Category	2929
Vannes	2930
Mürzsteg	2931
Bethany	2932
Þór	2933
Bain	2934
Hampshire	2935
Woodbridge	2936
structure	2937
Esteghlal	2938
Signatories	2939
Vicem	2940
BDSM	2941
Swan	2942
Guatemala	2943
Grinnell	2944
TSV	2945
Scheduled	2946
Lota	2947
Buxton	2948
Planetary	2949
Geysers	2950
LIU	2951
Banaras	2952
ŽP	2953
Rushden	2954
Dinas	2955
Patent	2956
Millwall	2957
Aix-Marseille	2958
Postcode	2959
Beerschot	2960
Society	2961
11th-century	2962
Rolling	2963
Fauldhouse	2964
Fabriano	2965
Comedians	2966
Sultanates	2967
BlackBerry	2968
Technical	2969
Famines	2970
Al-Arabi	2971
Deal	2972
Direct-to-video	2973
RNK	2974
Ballinamallard	2975
FAM	2976
Attempted	2977
Countries	2978
Heliports	2979
Rap	2980
Kickers	2981
Bonsucesso	2982
2012	2983
1987	2984
Chiropractic	2985
Revolution-based	2986
Purdue	2987
Para	2988
19	2989
2008	2990
Glam	2991
Immigrants	2992
Aegean	2993
Lobotomised	2994
Scouting	2995
Bay	2996
Dynamos	2997
Roda	2998
R.S.C.	2999
Llandudno	3000
Direction	3001
Tarbiat	3002
Myrtle	3003
Buckingham	3004
Armenia	3005
Luton	3006
İzmirspor	3007
LASK	3008
Anglo-Irish	3009
Recreativo	3010
Hardcore	3011
Corinthian-Casuals	3012
Beekeepers	3013
Yimpaş	3014
Appleby	3015
Samnite	3016
ANTI-	3017
Cardiff	3018
AmaZulu	3019
book	3020
Stage	3021
Nuneaton	3022
Arabic-language	3023
Crimean	3024
Coins	3025
Šar	3026
Ableton	3027
Paysandu	3028
Ceutan	3029
Bram	3030
Bahrain	3031
Lewis	3032
Chalkanoras	3033
Emmy	3034
Principia	3035
Tiverton	3036
Troyes	3037
Shahid	3038
Crystal	3039
Arbroath	3040
Chile	3041
Karnataka	3042
4th	3043
Lüneburger	3044
Billingham	3045
Pancreatic	3046
City	3047
Intelligence	3048
23rd	3049
Abergavenny	3050
Sligo	3051
Trapani	3052
Minority	3053
Sam	3054
MHP	3055
Merthyr	3056
Rocky	3057
Spaghetti	3058
Vanløse	3059
BeNe	3060
Mauritania	3061
Gospel	3062
German–French	3063
Spartak	3064
Orduspor	3065
UNLV	3066
Color	3067
Canvey	3068
Kirkintilloch	3069
Tsinghua	3070
Ecuador	3071
Ebusua	3072
SW	3073
Sakaryaspor	3074
Oakleigh	3075
Køge	3076
Valencian	3077
Pharmacologists	3078
Poliziotteschi	3079
Kuala	3080
Typographers	3081
America	3082
Bryn	3083
Shandong	3084
Empires	3085
Harbourfront	3086
Isthmuses	3087
Tokugawa	3088
Phnom	3089
Staten	3090
VV	3091
Georgetown	3092
Stella	3093
Georg	3094
Hunter	3095
Fascination	3096
Harpists	3097
Jeju	3098
Hindustani-speaking	3099
Élan	3100
Patrons	3101
Organized	3102
Monterrey	3103
Slovakia	3104
movie	3105
Province	3106
Enlightenment	3107
Swedish–English	3108
Dependent	3109
Mauritius	3110
Moss	3111
Ossett	3112
artist	3113
Chengdu	3114
Fresno	3115
1973	3116
Architectural	3117
Mile	3118
Triennial	3119
RNC	3120
Jordanian	3121
Reggae	3122
String	3123
Willem	3124
High	3125
Treze	3126
Advertising	3127
Game	3128
Oriente	3129
Cooperatives	3130
Gaziantepspor	3131
Surrealist	3132
Ayia	3133
Metro-Goldwyn-Mayer	3134
Hinckley	3135
Palestino	3136
Euroleague	3137
MSV	3138
Ilkeston	3139
ERP	3140
Flemish	3141
Psychiatric	3142
Oeste	3143
SD	3144
Testicular	3145
Delaware	3146
Baniyas	3147
Ashington	3148
Nuclear-weapon-free	3149
Finn	3150
WWE	3151
Historicist	3152
Ajman	3153
Arcadia	3154
Auchinleck	3155
Arch	3156
Tarleton	3157
SuperSport	3158
Geology	3159
Street	3160
Regents	3161
Peace	3162
Baroque	3163
J	3164
Tusker	3165
Tochigi	3166
Forza	3167
Bassano	3168
Botev	3169
Lobi	3170
Akhisar	3171
Google	3172
Publishing	3173
Nu-disco	3174
Legislators	3175
Oswestry	3176
RVA	3177
Stephens	3178
Whitehawk	3179
Joint	3180
Burgess	3181
Car-free	3182
Clowns	3183
Thailand	3184
Milan	3185
1980s	3186
Konkuk	3187
SCA	3188
Surinamese	3189
Stalinism-era	3190
Regionalist	3191
Billericay	3192
1992	3193
Cubist	3194
Credential	3195
Italian–English	3196
Kitchener	3197
Universitario	3198
Hershey	3199
HB	3200
Swedish-language	3201
Monarchist	3202
Erotica	3203
Derbyshire	3204
Shimmy	3205
1994	3206
Nontheist	3207
Arab	3208
Yorkshire	3209
Tarxien	3210
Ziegfeld	3211
Persik	3212
Lockheed	3213
MCA	3214
Yugoslavia	3215
Backing	3216
Chertsey	3217
Ramblers	3218
Hallam	3219
Bromley	3220
Bourges	3221
ASFA	3222
Penang	3223
Shack	3224
Transcendental	3225
Negeri	3226
Predominantly	3227
Centre	3228
Galápagos	3229
Vanguard	3230
Duchies	3231
Highlands	3232
Sa	3233
Conspiracy	3234
MFC	3235
Longview	3236
Vejle	3237
Commentators	3238
Lesbian-related	3239
Ñublense	3240
Duke	3241
Lucasian	3242
Xhosa	3243
Cobreloa	3244
Olimpo	3245
Ismaili	3246
Israeli-occupied	3247
Franco-Belgian	3248
George	3249
Júbilo	3250
Council	3251
Treasure	3252
Salvadoran	3253
Newspaper	3254
PDE	3255
Faraday	3256
LdB	3257
Noh	3258
Ithad	3259
Girls	3260
Moscow	3261
Runcorn	3262
Designers	3263
Theistic	3264
TSG	3265
Kansas	3266
Emirates	3267
VVV-Venlo	3268
Harbin	3269
Sommar	3270
ARIA	3271
Motorcycle	3272
U.S.D.	3273
Moor	3274
Fascists	3275
Miramar	3276
Guadeloupe	3277
Northampton	3278
Hollywood	3279
PAIS	3280
Psychiatrists	3281
Quadruple	3282
Drancy	3283
Demolished	3284
S.S.D.	3285
Akropolis	3286
Baden-Württemberg	3287
Navarrese	3288
Coleshill	3289
Oak	3290
Ukrainian-speaking	3291
Playtone	3292
Dundonald	3293
Oberlin	3294
Massachusetts	3295
Larkhall	3296
Long	3297
Monarchists	3298
Chiefs	3299
ASA	3300
Theorists	3301
Pianists	3302
congressman	3303
Makedonikos	3304
Founder	3305
Southend	3306
Juventud	3307
Materials	3308
1963	3309
Morpeth	3310
1974	3311
Barry	3312
Cienciano	3313
Puebla	3314
Berwick	3315
Raja	3316
Angel	3317
Deists	3318
Paganese	3319
Stockton	3320
actor	3321
Tiro	3322
Alicante	3323
Cantopop	3324
Court	3325
Client	3326
Hindi-language	3327
Chaos	3328
Vaasan	3329
Tiko	3330
Mayo	3331
GC	3332
Buddy	3333
Gainare	3334
Alignment	3335
Baritones	3336
Goole	3337
Arts	3338
RC	3339
Heritage	3340
History	3341
Polka	3342
Ethnikos	3343
Al-Mabarrah	3344
Witham	3345
Conservative-liberal	3346
Time	3347
Aerial	3348
Moldavian-language	3349
K.V.C.	3350
Milton	3351
Bishop's	3352
Kuril	3353
Senators	3354
Tipton	3355
Bundesliga	3356
Marxian	3357
Ituano	3358
Leksands	3359
Sunshine	3360
Çankaya	3361
Castilian-Manchegan	3362
KAC	3363
Middlesbrough	3364
Oakham	3365
Aam	3366
Tajikistan	3367
1940s	3368
Barnet	3369
Kelty	3370
Welsh–English	3371
Categoría	3372
Oligocene	3373
Cerezo	3374
Utopian	3375
Llanelli	3376
Zamalek	3377
Lecturers	3378
Harrisburg	3379
Entomologists	3380
Chamois	3381
Inverness	3382
SPM	3383
Marcali	3384
Don	3385
Broadcasting	3386
Artist	3387
Copa	3388
Chick	3389
Uganda	3390
Qwest	3391
Biodiversity	3392
Seljuq	3393
Cycling	3394
Blauw-Wit	3395
1969	3396
Argentinos	3397
Frunze	3398
Papal	3399
Augsburger	3400
Hellenic	3401
Gillingham	3402
Christianity	3403
Maker	3404
Newtown	3405
Kastoria	3406
Beaconsfield	3407
Sanacja	3408
Pantheists	3409
Gomido	3410
Temple	3411
Sitar	3412
Strega	3413
Ratican’s	3414
Evansville	3415
Tank	3416
Suwon	3417
Elan	3418
Lega	3419
Evolutionary	3420
Generalissimos	3421
Renfrew	3422
Cable	3423
Rodeo	3424
Tynecastle	3425
Carmarthen	3426
Utilitarians	3427
Bologna	3428
CSKA	3429
Noise	3430
Yunnan	3431
Olaria	3432
Sayre	3433
Hickory	3434
BÍ/Bolungarvík	3435
USM	3436
Shimshon	3437
Jump	3438
Fairfield	3439
Philosophy	3440
Dutch-speaking	3441
Southeast	3442
Senior	3443
Dine	3444
A.P.I.A.	3445
Gwangju	3446
Flag	3447
Nannies	3448
Wakefield	3449
Watercolorists	3450
Stenhousemuir	3451
Daughters	3452
Atlas	3453
Haiti	3454
Maccabiah	3455
Iran	3456
Gulag	3457
4AD	3458
Aston	3459
Carleton	3460
Giving	3461
football	3462
Coquimbo	3463
Dixie	3464
Hoover	3465
Pre-19th-century	3466
Fraternal	3467
Savoy	3468
Saipa	3469
Contract	3470
Caroline	3471
Glentoran	3472
TPS	3473
VISTA	3474
Underground	3475
Kadima	3476
Tow	3477
Limoges	3478
coach	3479
Nemzeti	3480
Trowbridge	3481
Concord	3482
Donald	3483
Rajasthani	3484
Moorish	3485
Futurist	3486
Laos	3487
Crest	3488
Old	3489
Libertad	3490
Wagner	3491
YSR	3492
Ballingry	3493
Lattice	3494
Gresik	3495
MSP	3496
Touchstone	3497
Programming	3498
Stourbridge	3499
Christmas	3500
G-Unit	3501
Persela	3502
AD	3503
Kannada	3504
Trumpeters	3505
Athletic	3506
Shot-down	3507
Asteras	3508
Master	3509
Budafoki	3510
Marília	3511
Nassaji	3512
Corporations	3513
Hafia	3514
Borough	3515
Esbjerg	3516
Úrvalsdeild	3517
UC	3518
F.S.	3519
Roulette	3520
FB	3521
1997	3522
Attic	3523
Prokom	3524
Hungarian-speaking	3525
Cinematographers	3526
Clemson	3527
Wuppertaler	3528
Derry	3529
Thomas	3530
Lanús	3531
Orihuela	3532
Rhayader	3533
Citizen	3534
Assamese	3535
Ammunition	3536
Swiss-German	3537
Whickham	3538
Nizari	3539
Menorca	3540
Lillestrøm	3541
Booker	3542
Elektra	3543
JA	3544
Chester-le-Street	3545
Åland	3546
SFC	3547
Grenadier	3548
Lindsey	3549
Thanda	3550
Airlines	3551
Rwanda	3552
Atherton	3553
Squatters	3554
Lee	3555
Sanat	3556
Aris	3557
Bentleigh	3558
Packard	3559
Linares	3560
Farnborough	3561
Castilian	3562
Torah	3563
1967	3564
Prokletije	3565
Shimizu	3566
Guyanese	3567
Maritzburg	3568
Financial	3569
Brujas	3570
Lombard-Pápa	3571
Irish-language	3572
Welshpool	3573
Hope	3574
Glass	3575
Hamar	3576
Discoverers	3577
Giti	3578
Panellinios	3579
Yeovil	3580
1590s	3581
União	3582
Hospitality	3583
Operation	3584
Boreham	3585
Holiday	3586
Cherokee	3587
Cascade	3588
Cowes	3589
Javanese	3590
Horsham	3591
Han	3592
SKA	3593
Willamette	3594
Brigg	3595
Egypt	3596
TPG	3597
Jhalak	3598
U	3599
Kildare	3600
Albion	3601
Audi	3602
Avinor	3603
Apollon	3604
Serial	3605
Chelmsford	3606
Stephen	3607
Viscounts	3608
Malatya	3609
Mystery	3610
Carabobo	3611
Asturian	3612
Sociological	3613
Nanchang	3614
Madurai	3615
Barnard	3616
Al-Nasr	3617
Hawaii	3618
Brora	3619
Eczacıbaşı	3620
MPS	3621
Amiens	3622
Fareham	3623
Textile	3624
Livingston	3625
FIU	3626
Marquette	3627
Cefn	3628
peninsula	3629
Telarc	3630
Confectionery	3631
Torquay	3632
Trelleborgs	3633
Developing	3634
Hittite	3635
FFSA	3636
engineer	3637
Persisam	3638
Ventforet	3639
Ma	3640
Ulster	3641
GS	3642
Stockholm	3643
Olimpik	3644
Barrow	3645
Jeonbuk	3646
USJA	3647
Correcaminos	3648
Holstebro	3649
Canada	3650
Morgantown	3651
Cornell	3652
Rhyl	3653
Linlithgow	3654
Corinthian	3655
Ligue	3656
Federally	3657
SMU	3658
Cor	3659
Xavier	3660
Carmen	3661
series	3662
Finnish-language	3663
Boyacá	3664
K.S.V.	3665
county	3666
Thomist	3667
Acoustic	3668
Seventeen	3669
Torrington	3670
NAC	3671
Adana	3672
Politecnico	3673
Valenciennes	3674
Materialists	3675
amusement	3676
Integral	3677
Akademisk	3678
SideOneDummy	3679
Cobh	3680
Diplomats	3681
Latin–Spanish	3682
Usenet	3683
Literature	3684
Rensselaer	3685
NRHP	3686
Pony	3687
Selma	3688
Għajnsielem	3689
Chorley	3690
Industrialists	3691
Yiddish	3692
Zambia	3693
Manhattan	3694
Mohawk	3695
Glapwell	3696
MGM	3697
Serie	3698
Fjords	3699
Carrarese	3700
Mycenaean	3701
Trip	3702
Test	3703
Refugees	3704
Common	3705
Sumgayit	3706
Afrikaner	3707
Togo	3708
Warp	3709
Conceptual	3710
Çorumspor	3711
Transport	3712
Hoang	3713
Grammy	3714
Ford	3715
Boxing	3716
PEN	3717
Alps	3718
Bozüyükspor	3719
Invention	3720
Hugo	3721
Persepolis	3722
SPAL	3723
Ungmennafélagið	3724
Right-wing	3725
Enfield	3726
Cerâmica	3727
Renault	3728
Itagüí	3729
Epitaph	3730
AaB	3731
Krav	3732
Stony	3733
Righteous	3734
AOL	3735
Rampla	3736
Yoruba	3737
Anti-apartheid	3738
Exploitation	3739
Wokingham	3740
Regicides	3741
Lavanttal	3742
Pixar	3743
José	3744
Seinäjoen	3745
Wick	3746
Footscray	3747
Kerrang!	3748
Audio	3749
Vee-Jay	3750
Owners	3751
Admiral	3752
Male-to-female	3753
NATO	3754
Supply	3755
Heanor	3756
Techno-thriller	3757
KSK	3758
Herzliya	3759
SR	3760
Geophysicists	3761
Sharashka	3762
Rail	3763
Institute	3764
Sibling	3765
Forfar	3766
Legal	3767
Antilles	3768
Monterey	3769
G.D.	3770
Mariana	3771
Fair	3772
Americano	3773
Balzan	3774
Sicilian	3775
Calgary	3776
Rockaway,	3777
Three	3778
Superettan	3779
1978	3780
Atenas	3781
Brantwood	3782
Men	3783
Malvern	3784
Low-cost	3785
Analytic	3786
Hindkowan	3787
Liversedge	3788
Adoptees	3789
Santa	3790
Pioneers	3791
Musicologists	3792
Mines	3793
Cavalry	3794
First-run	3795
Keçiörengücü	3796
Destroyed	3797
Polish-language	3798
Contributors	3799
Eritrean	3800
Des	3801
Venezuela	3802
Defensa	3803
Montevideo	3804
Eastleigh	3805
Dijon	3806
Organic	3807
Sussex	3808
RFC	3809
Difaa	3810
Syrianska	3811
Comintern	3812
Jönköpings	3813
Pacific	3814
Dutch-language	3815
Sanfrecce	3816
Preparatory	3817
Eyüpspor	3818
AFI	3819
Shady	3820
Breakbeat	3821
Rome	3822
Ashanti	3823
Dunfermline	3824
Rocester	3825
Dynamo	3826
AJ	3827
Barton	3828
Evangel	3829
Flint	3830
Yemeni	3831
Baptist	3832
Keshavarz	3833
Welling	3834
Yash	3835
Republican	3836
Occitan	3837
Lancaster	3838
Partick	3839
Urdu-speaking	3840
Brummel	3841
Presocratic	3842
2002	3843
Dublin	3844
Collage	3845
Managers	3846
Bolehall	3847
Coalition	3848
Fethiyespor	3849
Zhejiang	3850
VCU	3851
LSU	3852
SpVgg	3853
Screenwriters	3854
Mathematical	3855
museum	3856
Grasshopper	3857
Mitra	3858
Marathi	3859
Parsi	3860
Iambic	3861
ACS	3862
Aurora	3863
Soleilmoon	3864
Amblin	3865
Kedah	3866
Arminia	3867
Breton	3868
Light-heavyweight	3869
Violinists	3870
Doxa	3871
Parthian	3872
Uruguay	3873
Dulwich	3874
Stabæk	3875
Algebraists	3876
Chiptunes	3877
Kontinental	3878
Argentina	3879
Savilian	3880
Mithibai	3881
person	3882
Ballet	3883
Tajikistani	3884
Semiconductor	3885
A.V.V.	3886
Paper	3887
Linfield	3888
Sharks	3889
Confidence	3890
1948	3891
Piano	3892
Individuals	3893
Mail	3894
pageant	3895
Monmouth	3896
Posse	3897
Silent	3898
Leatherhead	3899
Lublinianka	3900
Pet	3901
Jomo	3902
Wellesley	3903
Parklane	3904
Republican-Socialist	3905
VCD	3906
Mestaruussarja	3907
Hegelian	3908
Lokomotiv	3909
Gretna	3910
Petershill	3911
Parlophone	3912
Dawn	3913
1939	3914
Murcian	3915
AGOVV	3916
E1	3917
Historiographers	3918
Photography	3919
Rákospalotai	3920
Worldcon	3921
Bo'ness	3922
Aquanauts	3923
Centenarians	3924
Brown	3925
Rot-Weiss	3926
Sarıyer	3927
Blau-Weiß	3928
Chorrillo	3929
Group	3930
Steagles	3931
Greater	3932
Mosta	3933
Toulouse	3934
Füchse	3935
Helsingin	3936
Debreceni	3937
Stockbrokers	3938
Collège	3939
Giravanz	3940
Boxers	3941
Honda	3942
Ljungskile	3943
Gemini	3944
Greece	3945
Wrasse	3946
Kazakhstan	3947
Ousted	3948
Hertha	3949
Germanic	3950
Buckie	3951
Suphanburi	3952
Tahitian	3953
India	3954
Åsane	3955
Teenage	3956
Thriller	3957
Fukuoka	3958
Hungary	3959
Al-Sailiya	3960
Techno	3961
site	3962
El-Masry	3963
official	3964
Slavic	3965
Rafi	3966
Microbiologists	3967
Tours	3968
Okeh	3969
Travel	3970
Timeless	3971
Sailors	3972
Persons	3973
Kawasaki	3974
state	3975
Banvit	3976
Morecambe	3977
Rawmarsh	3978
Paykan	3979
Dandenong	3980
Montrose	3981
Irlam	3982
Huntly	3983
Animators	3984
GIS	3985
Hellenistic	3986
Indo-Fijian	3987
subdivision	3988
Def	3989
Kayseri	3990
WOSM	3991
Colombia	3992
JFK	3993
Pleistocene	3994
Beauty	3995
Pro	3996
Peronist	3997
Hunters	3998
Harmonium	3999
Decca	4000
Protopunk	4001
TBS	4002
Jagiellonian	4003
Kennedy	4004
Shatin	4005
dramatist	4006
Qatari	4007
Comedy-drama	4008
Riots	4009
Tufts	4010
Sable	4011
Potomac	4012
Computer-related	4013
Rolf	4014
Stockport	4015
Havant	4016
Scholastic	4017
Kelantan	4018
Helmond	4019
Copyright	4020
Kloten	4021
Anti–Iraq	4022
Lyn	4023
Ciclista	4024
Cerro	4025
Weapon	4026
I-League	4027
commune	4028
Waseda	4029
Xerox	4030
Interior	4031
Evian	4032
Samoa	4033
Northwich	4034
Liaoning	4035
Distance	4036
Nicaraguan	4037
Party	4038
Violists	4039
Canarian	4040
Deputies	4041
Chard	4042
African-Americans'	4043
Hadith	4044
Wydad	4045
Árabe	4046
Diplomatic	4047
Kazincbarcikai	4048
Consorts	4049
Furniture	4050
Ranchers	4051
Johns	4052
Revolutionary	4053
Jokerit	4054
Mixto	4055
Documentary	4056
Crusader	4057
Langston	4058
Singhtarua	4059
Gahar	4060
PSIM	4061
Virtus	4062
Niger	4063
Slapstick	4064
Malay-speaking	4065
Bolzano	4066
Executive	4067
Drake	4068
Witney	4069
Montedio	4070
Baldock	4071
Ba'athist	4072
Figueirense	4073
Photographers	4074
Crime	4075
Cyprus	4076
Cholet	4077
Atletico	4078
Stotfold	4079
Frome	4080
Representative	4081
Gimnàstic	4082
Towers	4083
Retford	4084
Copenhagen	4085
Daventry	4086
Hilton	4087
Løv-Ham	4088
Doctoral	4089
Set	4090
Warrington	4091
Manufacturing	4092
Psychotherapists	4093
team	4094
Virtue	4095
Strømmen	4096
Maverick	4097
Defense	4098
Nature	4099
Platinum	4100
Amnesty	4101
Dorking	4102
Principal	4103
Göztepe	4104
channel	4105
Scotland	4106
Drug	4107
medium	4108
Kraków	4109
Hofstra	4110
Tromsdalen	4111
NKK	4112
Jagiellonia	4113
Death	4114
Jazz-funk	4115
Charlton	4116
Monaghan	4117
Dundalk	4118
Hallescher	4119
Köln	4120
Cantonese-language	4121
Itumbiara	4122
Uttar	4123
Dungannon	4124
Deveronvale	4125
Tango	4126
Ethicists	4127
Zagłębie	4128
Sinhalese	4129
Westmont	4130
Bursaspor	4131
Office	4132
Asylum	4133
Polish–Russian	4134
R.A.A.	4135
Danubio	4136
Cambridge	4137
Gibraltar	4138
Albuquerque	4139
Faversham	4140
Grunge	4141
Accompanists	4142
DGC	4143
Mineros	4144
Impulse!	4145
Akron	4146
Juilliard	4147
Our	4148
Lehigh	4149
Yiddish–English	4150
Chemical	4151
Weymouth	4152
Tamil-speaking	4153
Estuaries	4154
ABC	4155
1950s	4156
Spiritual	4157
Bossa	4158
Croatian-speaking	4159
Pierce	4160
scientist	4161
Pors	4162
Challenge	4163
Shoplifters	4164
Saski	4165
Significant	4166
Spanish-speaking	4167
Barangay	4168
Sub-provincial	4169
Firearms	4170
Puzzle	4171
OFI	4172
Panetolikos	4173
Czechoslovakia	4174
Greenlandic	4175
Fortaleza	4176
Mazda	4177
Bankstown	4178
Captain	4179
C.	4180
Dyskobolia	4181
Irony	4182
Relief	4183
Sichuan	4184
Stone	4185
Bengali-speaking	4186
Macaé	4187
Combinatorial	4188
Zacatepec	4189
Highland	4190
Angers	4191
Revolution	4192
Extra	4193
Jeopardy!	4194
Beckenham	4195
Simba	4196
Brigham	4197
English–French	4198
Conservatoire	4199
Waterways	4200
Manisaspor	4201
Invincible	4202
Growth	4203
Bandleaders	4204
Heterodox	4205
Colo	4206
Berkeley	4207
Maharaja's	4208
Yakima	4209
English–Spanish	4210
Guggenheim	4211
Hopkins	4212
Coalitions	4213
Jefferson	4214
Hellas	4215
Al-Karamah	4216
Alaska	4217
Tristán	4218
Biochemists	4219
Envigado	4220
Boa	4221
Slough	4222
Churches	4223
Ascoli	4224
basketball	4225
Sidwell	4226
island	4227
Amateur	4228
FS	4229
MVV	4230
Fugitives	4231
Punjabi	4232
Zones	4233
Magic	4234
Ravan	4235
Bottesford	4236
Warhol	4237
Corporate	4238
Banbridge	4239
Campinense	4240
AEZ	4241
Pontevedra	4242
PSV	4243
Redbridge	4244
Institutes	4245
Seton	4246
Russo-Turkish	4247
Campbell	4248
FF	4249
Bulgaria	4250
Rockefeller	4251
Standards	4252
Westminster	4253
ASOA	4254
VSI	4255
Raytheon	4256
Semanticists	4257
Texas–Arlington	4258
ENTHOI	4259
Ghent	4260
Basildon	4261
Caracas	4262
Speedway	4263
Liberal-conservative	4264
Boer	4265
Stalybridge	4266
1991	4267
Syndicalists	4268
PBS	4269
Homa	4270
Ephemeral	4271
Pas	4272
Bolivia	4273
Bethlehem	4274
Pre-1950	4275
Malta	4276
Fast	4277
Geographic	4278
Academy	4279
Pontypridd	4280
Desiya	4281
IRT	4282
Al-Hazm	4283
Kitchee	4284
Kidnapped	4285
Waterlooville	4286
Gambrinus	4287
Pew	4288
Grambling	4289
Fleisher	4290
Bala	4291
Psychology	4292
Quesos	4293
Trance	4294
Logroñés	4295
Agremiação	4296
Hebrew-language	4297
Seven	4298
Glendale	4299
Wollaston	4300
Ecology	4301
Scarborough	4302
Samadhi	4303
Avex	4304
Raunds	4305
R.R.F.C.	4306
Nicholls	4307
Rodez	4308
Barking	4309
Najaf	4310
Odissi	4311
Christopher	4312
Riffian	4313
Sonar	4314
Ivy	4315
Civilian	4316
Radomiak	4317
Røa	4318
Important	4319
government	4320
Archdukes	4321
Final	4322
Mossley	4323
Macarthur	4324
Ottawa	4325
Reggaeton	4326
Alpine	4327
Pelita	4328
Donegal	4329
Marquesas	4330
Institutional	4331
Halmstads	4332
Foligno	4333
Rice	4334
Rhein	4335
Edirnespor	4336
Hubei	4337
Criminal	4338
Pro-choice	4339
Teams	4340
Novus	4341
Friulian-language	4342
Gostaresh	4343
Community	4344
Submariners	4345
Millenium	4346
Suriname	4347
Merritt	4348
Worcestershire	4349
Tarski	4350
Cumbernauld	4351
Case	4352
Persijap	4353
Marconi	4354
Semioticians	4355
Sunrise	4356
1934	4357
Napoleonic	4358
APEP	4359
Hornchurch	4360
Human–computer	4361
Kamehameha	4362
Oases	4363
Nejmeh	4364
Kessben	4365
Hawaiian	4366
Fiction	4367
Xian	4368
Gabon	4369
Process	4370
Invasions	4371
IEEE	4372
Geographers	4373
Antioch	4374
Falkenbergs	4375
Plymouth	4376
Potters	4377
GAIS	4378
Almondsbury	4379
Carnatic	4380
Mongol	4381
G-14	4382
Al-Merreikh	4383
Reserve	4384
Tehachapi	4385
Chinese-speaking	4386
Gainesville	4387
Lombard	4388
Guillermo	4389
Duellists	4390
Dafni	4391
Romford	4392
Mathematicians	4393
Hi	4394
Heracles	4395
Kingfisher	4396
company	4397
Mummies	4398
Lisburn	4399
Midwestern	4400
Courage	4401
Brescia	4402
Drummers	4403
Kim	4404
Tranmere	4405
Mersin	4406
1958	4407
Martin	4408
Daytime	4409
Rögle	4410
PSPS	4411
Physiographic	4412
Sandecja	4413
Titular	4414
Jiangsu	4415
model	4416
Global	4417
Record	4418
Al-Shamal	4419
Johnson	4420
Lamar	4421
Consadole	4422
Staple	4423
Hereford	4424
Neath	4425
Maidstone	4426
Gölcükspor	4427
Urania	4428
WFMU	4429
Sweet	4430
Wadi	4431
Stourport	4432
Baltic	4433
Randers	4434
Bonnyrigg	4435
PSMS	4436
Armthorpe	4437
Golfers	4438
Cantonal	4439
Occult	4440
Locomotive	4441
Östers	4442
Swim	4443
Rokdim	4444
Gamba	4445
Fleet	4446
Albanian-language	4447
Etruscan	4448
Harrogate	4449
Divisiones	4450
Pogoń	4451
1930	4452
Vorwärts	4453
Södertälje	4454
Truro	4455
Volunteers	4456
Applicants	4457
Sherman	4458
Thatcham	4459
Alanyaspor	4460
Barrier	4461
Nurses	4462
Changsha	4463
Ashford	4464
conflict	4465
Hartwick	4466
Paymasters	4467
Britpop	4468
Arab-Israeli	4469
Adeline	4470
Walter	4471
Kentucky	4472
Tyler	4473
Nova	4474
Kalamazoo	4475
Tanzanian	4476
Kaduna	4477
Educators	4478
Anthologists	4479
Bowling	4480
Coldstream	4481
Dundela	4482
Environment	4483
Prestatyn	4484
Tracker	4485
Xelajú	4486
Thrash	4487
Enduro	4488
Fichtel	4489
Comedy	4490
Martinique	4491
1090s	4492
Huddinge	4493
Araripina	4494
Madrilenian	4495
1977	4496
French-Canadian	4497
U.D.	4498
Stranraer	4499
Propagandists	4500
Nandi	4501
Registered	4502
Korvpalli	4503
1975	4504
Juazeiro	4505
Hønefoss	4506
Whitney	4507
Manning	4508
Alki	4509
Anarchists	4510
Matador	4511
Al-Zawraa	4512
Soham	4513
ECM	4514
SKN	4515
Burscough	4516
Nautilus	4517
Daejeon	4518
Fatih	4519
Doctors	4520
Servette	4521
Ascetics	4522
Fellini	4523
Dorchester	4524
Kallithea	4525
Romulus	4526
Puppet	4527
Unisport	4528
Elders	4529
Utrecht	4530
Kate	4531
Braindance	4532
1140s	4533
Brandeis	4534
Aitchison	4535
Vác	4536
Eleven	4537
A1	4538
Philips	4539
Young	4540
Bellshill	4541
Toledo	4542
Unpersons	4543
Lovell's	4544
school	4545
Aristotelian	4546
Laura	4547
Bosniak	4548
Belmont	4549
IK	4550
Subject–verb–object	4551
Bradley	4552
Canyons	4553
INF	4554
Whyteleafe	4555
Sons	4556
Gonzaga	4557
Tacoma	4558
Esiliiga	4559
MKE	4560
Mardinspor	4561
Szeged	4562
Betim	4563
Physiotherapists	4564
Uberlândia	4565
Comic	4566
1790s	4567
Sainik	4568
Byåsen	4569
Tonbridge	4570
Slash	4571
Moroka	4572
Disbanded	4573
airport	4574
Al-Gharafa	4575
Biophysicists	4576
Oglethorpe	4577
Manx	4578
Diaspora	4579
Carshalton	4580
Fiorello	4581
Masry	4582
Athersley	4583
Baton	4584
1965	4585
Mapai	4586
Moyola	4587
Anti-Apartheid	4588
Abkhazian	4589
Kettering	4590
Bethesda-Chevy	4591
Cádiz	4592
Roc-A-Fella	4593
Paramount	4594
Sydney	4595
Kristianstads	4596
Silesian-German	4597
Veria	4598
Four	4599
AmeriCorps	4600
Laban	4601
Delhi	4602
Kampala	4603
A	4604
Espoli	4605
Mineralogists	4606
Naft	4607
William	4608
Charleston	4609
Equatorial	4610
Still	4611
Cedar	4612
Inmates	4613
K.M.S.K.	4614
Hiking	4615
Nihon	4616
Viola	4617
Jazz-pop	4618
TuRU	4619
Genderqueer	4620
Rikkyo	4621
AIGA	4622
Arkansas–Little	4623
Molecular	4624
Vertigo	4625
K.V.K.	4626
Zonguldakspor	4627
country	4628
Toros	4629
Apex	4630
Hinds	4631
Channel	4632
Anti-folk	4633
Chainat	4634
9th	4635
Mardy	4636
Rayo	4637
Fayetteville	4638
Medicine	4639
Pratt	4640
Leixões	4641
Guabirá	4642
Altrincham	4643
Episcopal	4644
Shahrdari	4645
Gil	4646
1935	4647
Honourable	4648
Flota	4649
KSV	4650
Atromitos	4651
Eurovision	4652
Coventry	4653
Eccleshall	4654
Laureus	4655
Development	4656
Tibetan	4657
CSMS	4658
Veterinary	4659
Deist	4660
Kapaz	4661
Intelligent	4662
Bharatiya	4663
Shamrock	4664
Ragtime	4665
Tishreen	4666
Environmentalists	4667
Gefle	4668
Tractor	4669
Torino	4670
Sanctuary	4671
Anti-globalism	4672
Slasher	4673
Duquesne	4674
Gabala	4675
Honoured	4676
Aucas	4677
Skeid	4678
Wellingborough	4679
Stoic	4680
Settlements	4681
Papagou	4682
Kitzbühel	4683
Skal	4684
Microscopists	4685
Non-governmental	4686
Chattanooga	4687
Portuguese-speaking	4688
Gr8!	4689
All-Ireland	4690
Foolad	4691
Teutonic	4692
Southwick	4693
IndyCar	4694
Lorca	4695
Church	4696
Mutual	4697
Fairleigh	4698
Idol	4699
Ghost	4700
Lviv	4701
Rodos	4702
Al-Ahli	4703
Etimesgut	4704
Adirondack	4705
Walla	4706
Százhalombattai	4707
Çaykur	4708
Lawrence	4709
Maluku	4710
Electoral	4711
Roanoke	4712
APOP	4713
Persian-language	4714
Sanctuaries	4715
Guangdong	4716
Expreso	4717
Isidore	4718
Revolutions	4719
Partizán	4720
Louth	4721
Bard	4722
Nantwich	4723
Motherwell	4724
Caernarfon	4725
Skonto	4726
Didcot	4727
Racquets	4728
Barwell	4729
Dutch–English	4730
Federated	4731
Empiricists	4732
Ballad	4733
Pasadena	4734
Al-Salmiya	4735
Bournemouth	4736
Blue-eyed	4737
Follo	4738
Hellerup	4739
Qadsia	4740
Gheorghe	4741
Cornetists	4742
Word	4743
Nilan	4744
Droylsden	4745
Panthéon-Assas	4746
Oral	4747
minister	4748
Stomil	4749
Professors	4750
Abingdon	4751
Bagpipe	4752
CSM	4753
Stanway	4754
Bedworth	4755
Ledbury	4756
Ternana	4757
Västra	4758
Guerrillas	4759
Yonsei	4760
VPS	4761
Shildon	4762
Burning	4763
Bretton	4764
Breast	4765
Bangladeshi	4766
Chill-out	4767
Folkestone	4768
governor	4769
Boussu	4770
Timor-Leste	4771
PK-35	4772
Vila	4773
Fulham	4774
Algeria	4775
Sinop	4776
Desportivo	4777
Balıkesirspor	4778
Guaratinguetá	4779
Brunswick	4780
Rhetoric	4781
Dukla	4782
Nikos	4783
Chesterfield	4784
Gaziantep	4785
Luxembourg	4786
Bergen	4787
Pohang	4788
Rotherham	4789
Persema	4790
Yanbian	4791
Zeytinburnuspor	4792
TriStar	4793
Marylebone	4794
Glyfada	4795
Waltham	4796
Electrical	4797
Joe	4798
Filicides	4799
Dudley	4800
Woodrow	4801
Tonnerre	4802
Colwyn	4803
Existentialist	4804
Pranksters	4805
Disco	4806
Atherstone	4807
Andorra	4808
Inorganic	4809
Pliocene	4810
Atalanta	4811
Parramatta	4812
Stafford	4813
Beith	4814
Cross	4815
Easter	4816
Técnico	4817
Olbia	4818
Alter	4819
Gyeongnam	4820
U.C.	4821
Asante	4822
Lifetime	4823
Numerical	4824
Cammell	4825
Edith	4826
Al-Faisaly	4827
V2	4828
Collaborators	4829
Alloa	4830
Gaz	4831
Steel	4832
Aarhus	4833
Aragonese	4834
Conductors	4835
Rhodope	4836
Lyricists	4837
Alma	4838
WA	4839
town	4840
Simon	4841
Zoo	4842
Ravenna	4843
Horden	4844
Mali	4845
Least	4846
Ettifaq	4847
airline	4848
Belarus	4849
SFWA	4850
Samurai	4851
Kasımpaşa	4852
Mitsubishi	4853
Bailieboro	4854
Probability	4855
Ska	4856
zone	4857
Hoa	4858
Jubilee	4859
Bandung	4860
Dunhill	4861
Turing	4862
Georgist	4863
Pahang	4864
Spies	4865
Russian-speaking	4866
Strake	4867
Knowsley	4868
Vale	4869
Yemen	4870
Cosmologists	4871
Aztec	4872
Roadrunner	4873
Huddersfield	4874
Motorcycling	4875
Dissidents	4876
university	4877
Cazenovia	4878
Hillsdale	4879
Atco	4880
Terrorism	4881
institute	4882
Francophone	4883
Charly	4884
Durban	4885
Hypochondriacs	4886
Whitehead	4887
SISL	4888
Camelon	4889
Ward–Belmont	4890
Anadolu	4891
Whitburn	4892
Celldömölki	4893
Post-imperial	4894
Indy	4895
Small	4896
Heidegger	4897
Beggars	4898
Oriental	4899
Nessa	4900
Haringey	4901
Saham	4902
Oboists	4903
Akwa	4904
Geological	4905
Sarawak	4906
Cambuslang	4907
Cobresal	4908
Ceilândia	4909
Nippon	4910
Dalian	4911
Gambier	4912
SLUC	4913
Ergotelis	4914
Australia	4915
Weber	4916
Wilderness	4917
Kabyle	4918
Stress-timed	4919
Andalusian	4920
Glossop	4921
Sampaio	4922
Al-Quwa	4923
Stroke	4924
Ahva	4925
Pitzer	4926
Whitton	4927
Tyresö	4928
Blair	4929
Manta	4930
Almirante	4931
Shepherds	4932
ZE	4933
IDM	4934
Lesmahagow	4935
Capital	4936
Oïl	4937
Detective	4938
Stansted	4939
Spalding	4940
Lees–McRae	4941
Roosevelt	4942
Pan-European	4943
Oldham	4944
Chemnitzer	4945
Dramatists	4946
Double	4947
Railroad	4948
Blacktown	4949
UMF	4950
Irani	4951
Hero	4952
Ashton	4953
Warriors	4954
Kapp	4955
Humor	4956
Spokane	4957
Ajou	4958
Qormi	4959
Senegal	4960
Viceroyalties	4961
Eskişehirspor	4962
Dora	4963
Joinville	4964
Karabükspor	4965
Serbia	4966
Burgos	4967
Merchant	4968
House	4969
Mezőkövesd	4970
Mohun	4971
Stanley	4972
LB	4973
Scholarships	4974
Towson	4975
Terengganu	4976
Nu	4977
Kalmyk	4978
2014	4979
Burundi	4980
Lallans	4981
Podbeskidzie	4982
Contestants	4983
Eurodance	4984
Network	4985
Astra	4986
Indios	4987
Communication	4988
Vocalion	4989
Inter-Montreal	4990
Verdy	4991
Brentwood	4992
Vincennes	4993
GNK	4994
Jesuit	4995
Language	4996
Lay	4997
Heaven	4998
1200s	4999
NA	5000
Sarpsborg	5001
Mestizo	5002
PepsiCo	5003
Chinese–English	5004
PolyGram	5005
Census	5006
Istanbulspor	5007
municipality	5008
Roller	5009
Albanian-speaking	5010
Herfølge	5011
Unia	5012
Afghan	5013
Íþróttabandalag	5014
Séwé	5015
Elstree	5016
Portadown	5017
Psycholinguists	5018
Wired	5019
13th	5020
Widzew	5021
Columnists	5022
Amorite	5023
Kabalikat	5024
Ruling	5025
Nonesuch	5026
Pol.	5027
Hundred	5028
Digital	5029
Pashto-speaking	5030
Diósgyőri	5031
Al-Nassr	5032
Swiss-Italian	5033
Ultra	5034
Activision	5035
Bengal	5036
Fiqh	5037
JYP	5038
Grime	5039
Bedlington	5040
Display	5041
Katsina	5042
Sekondi	5043
EB/Streymur	5044
Pendikspor	5045
Congleton	5046
Palamós	5047
Mighty	5048
Pau	5049
Biology	5050
Kabwe	5051
Basket	5052
Karlsruher	5053
award	5054
Governor	5055
Duque	5056
JC	5057
Operetta	5058
Superfund	5059
Tauro	5060
Gedling	5061
Flixton	5062
Hashemite	5063
Ferencvárosi	5064
Insurgencies	5065
Spartaki-Tskhinvali	5066
Eredivisie	5067
Dongguan	5068
Sustainability	5069
Manly	5070
Meadowbank	5071
Monetary	5072
PKNS	5073
Motown	5074
UBC	5075
Supernatural	5076
Civic	5077
Seychelles	5078
Punjabi-speaking	5079
Maracas	5080
Navua	5081
Nissan	5082
Ethnicity-based	5083
Lamont-Doherty	5084
Alexandria	5085
Main	5086
Aalesunds	5087
Essex	5088
boxer	5089
Castles	5090
Penrose	5091
Limerick	5092
Campo	5093
Sub	5094
Army	5095
Portrait	5096
Welwyn	5097
J&amp;P	5098
Oceanographers	5099
Panamá	5100
R.O.C.	5101
Shettleston	5102
Impressionist	5103
Wealdstone	5104
Raycom	5105
Ill	5106
Wildlife	5107
Bellaire	5108
Dangerous	5109
Institutions	5110
Queen	5111
Nuclear-free	5112
Arcade	5113
TCU	5114
Saboteurs	5115
Flying	5116
Essinge	5117
Jeonnam	5118
Clan	5119
Didactic	5120
Meteorologists	5121
GIF	5122
Kristiansund	5123
Zulu	5124
Herne	5125
Paulista	5126
Connaught	5127
Bodyguards	5128
Bakırköyspor	5129
NBA	5130
Valur	5131
Criminals	5132
Coma	5133
Regency	5134
Chapin	5135
Szekszárdi	5136
Choate	5137
Birkirkara	5138
Persis	5139
Roc	5140
Ardrossan	5141
Rosemont	5142
Notodden	5143
Chiangrai	5144
Macroeconomists	5145
Murray	5146
Presidency	5147
Pécsi	5148
Social-democrat	5149
Epicurean	5150
Concert	5151
Kabbalists	5152
Uninhabited	5153
Sioux	5154
Kilmarnock	5155
Pre–World	5156
Türkiyemspor	5157
Low	5158
Conwy	5159
Tata	5160
CBS	5161
Sleaford	5162
Kashima	5163
Keravnos	5164
Sandefjord	5165
Sriwijaya	5166
Nagoya	5167
Swamps	5168
Librarians	5169
Agnes	5170
Laureates	5171
Philhellenes	5172
Bridgwater	5173
Sheriff	5174
Boys'	5175
architect	5176
Akademik	5177
Damallsvenskan	5178
Chabot	5179
Salt	5180
Librettists	5181
Obras	5182
Tamil-language	5183
Occidental	5184
Bantu	5185
Thrasyvoulos	5186
Kenyon	5187
Al-Wakra	5188
Kamnik–Savinja	5189
Mythopoeic	5190
Canary	5191
Anti-vaccination	5192
Eik-Tønsberg	5193
Nicaragua	5194
Tersana	5195
Suicide	5196
Hillsboro	5197
Apulum	5198
Elbe	5199
ATO	5200
Apeejay	5201
Calvin	5202
Histon	5203
Gan-Shin	5204
Talent	5205
Zoologists	5206
Lesser	5207
Shopping	5208
Eurosceptic	5209
Iberian	5210
ITV	5211
Playing	5212
Libya	5213
Angelic	5214
Eccleshill	5215
Trafford	5216
Chonburi	5217
Mayotte	5218
Ventriloquists	5219
GasTerra	5220
Proto-evolutionary	5221
Barbary	5222
Cheshunt	5223
Clark	5224
Harrow	5225
Belgrano	5226
Marine	5227
Performance	5228
Presidential	5229
Monument	5230
Computability	5231
Fall	5232
Anti–death	5233
Subantarctic	5234
Penicuik	5235
Brackley	5236
Hindi	5237
Grazer	5238
representative	5239
Nchanga	5240
Letter	5241
Pontifical	5242
Gießen	5243
Benidorm	5244
Congo	5245
Rough	5246
Slaves	5247
SIU	5248
Buyid	5249
Verve	5250
Governorate	5251
Satraps	5252
Internationalist	5253
Anglophone	5254
Korea	5255
TKİ	5256
Maranhão	5257
Victor	5258
Dauphins	5259
Falmouth	5260
Concrete	5261
post	5262
Dancers	5263
Türk	5264
Vasalunds	5265
Larne	5266
Weather	5267
Alba	5268
French–Spanish	5269
Vietnamese-language	5270
Fula	5271
Equity	5272
Banstead	5273
Ivory	5274
Poole	5275
Eastwood	5276
Scots	5277
Collegiate	5278
Savannah	5279
Goethe	5280
Sequel	5281
Orkneyinga	5282
Chemistry	5283
Confessional	5284
Anti-corruption	5285
Villemomble	5286
BKV	5287
Horror	5288
Biologists	5289
Bella	5290
Satanist	5291
YoungHeart	5292
Haunted	5293
Hobro	5294
Mens	5295
SAS	5296
Abel	5297
Olmedo	5298
Andhra	5299
1944	5300
Formalist	5301
Babelsberg	5302
Moped	5303
Panserraikos	5304
Princeton	5305
mountain	5306
Firearm	5307
Juventus	5308
Hardin–Simmons	5309
Climate	5310
Quranic	5311
3D	5312
Poker	5313
Olmaliq	5314
Unincorporated	5315
Rahway	5316
Nepali-language	5317
Americo-Liberian	5318
Maroussi	5319
TFF	5320
Oriya	5321
Philippines	5322
Athens	5323
Max	5324
hotel	5325
Ambient	5326
Displaced	5327
Countertenors	5328
Macalester	5329
16th	5330
Maritime	5331
Bilston	5332
Hotels	5333
Whittlesea	5334
Tunisia	5335
Diss	5336
Gremio	5337
Panthrakikos	5338
Napier	5339
Ranchera	5340
Tzadik	5341
Swedish-speaking	5342
Gijón	5343
Barnton	5344
Felcsút	5345
3	5346
El-Ittihad	5347
Unified	5348
Hudson's	5349
Adoption	5350
Franz	5351
1942	5352
Peñarol	5353
Avenir	5354
Tulu	5355
Immediate	5356
Asia	5357
Screamo	5358
Far	5359
Emirs	5360
Jan	5361
Asheville	5362
Tadcaster	5363
Laurentian	5364
O	5365
Trade	5366
Bendel	5367
Julius	5368
Botanists	5369
Skyscrapers	5370
Pepsi	5371
SRI	5372
E.G.	5373
Consciousness	5374
ADO	5375
Shibuya-kei	5376
Mjällby	5377
Dagomba	5378
Salgaocar	5379
Multidisciplinary	5380
Bridlington	5381
Sociologists	5382
Eisbären	5383
Navbahor	5384
Homenetmen	5385
Norway	5386
Bluefield	5387
Link	5388
Anti-communist	5389
Seven-string	5390
Fehérvár	5391
Stuyvesant	5392
writer	5393
Cass	5394
Cove	5395
Extremaduran	5396
B36	5397
Walled	5398
Oman	5399
Desert	5400
Dallas-Fort	5401
Guyana	5402
Zazaish	5403
Punahou	5404
Verb–subject–object	5405
Coritiba	5406
Silver	5407
Hurlford	5408
Kartalspor	5409
Omaha	5410
Apollo	5411
Teramo	5412
Pulitzer	5413
Sandnes	5414
Life	5415
Augurs	5416
Bangladesh	5417
Vauxhall	5418
Sandboarding	5419
Studioseven	5420
Security	5421
Cricket	5422
Trinity	5423
Durham	5424
Wormatia	5425
Nyíregyháza	5426
Erotic	5427
Overseas	5428
Subduction	5429
party	5430
Daegu	5431
Fitchburg	5432
Anti-racism	5433
Tartu	5434
Trois-Rivières	5435
Liberia	5436
EA	5437
Formal	5438
Piacenza	5439
Homestead	5440
Preserved	5441
Sing	5442
Anti–Vietnam	5443
1220s	5444
Wimborne	5445
Sepsi-78	5446
IMG	5447
Kuwait	5448
1850s	5449
Gimnástica	5450
Rothamsted	5451
Seleucid	5452
Crewe	5453
Planète	5454
Pablo	5455
Żurrieq	5456
Kwantlen	5457
Surgeons	5458
Jeunesse	5459
Ullensaker/Kisa	5460
Annamalai	5461
Ormideia	5462
Garfield	5463
Chamber	5464
Linköpings	5465
Hellenistic-era	5466
Siarka	5467
Worsbrough	5468
Hessian	5469
DeWitt	5470
Karachi	5471
Crooners	5472
Ethiopia	5473
Saturn	5474
Colo-Colo	5475
Kopparbergs/Göteborg	5476
1810s	5477
Earache	5478
event	5479
SOLAR	5480
Avispa	5481
Malayalam-language	5482
Gateway	5483
Chicano	5484
Sopranos	5485
Active	5486
Kolding	5487
Pune	5488
UTA	5489
Kadji	5490
Carnegie	5491
Barako	5492
Verb-second	5493
Kirori	5494
Goytacaz	5495
Windham	5496
Cwmbrân	5497
Coral	5498
Fortitudo	5499
Olympiakos	5500
Postal	5501
Talmud	5502
Camões	5503
Perlis	5504
Autism	5505
Organ	5506
1980	5507
Lost	5508
Imbabura	5509
Identical	5510
Cranbrook	5511
Weapons	5512
Rocha	5513
Gauteng	5514
Ionian	5515
Bien	5516
Nietzsche	5517
Training	5518
Anorthosis	5519
1900	5520
Floriana	5521
Kalamata	5522
Peacekeeping	5523
location	5524
Instituto	5525
Biscoe	5526
Supply-side	5527
German-speaking	5528
Liberty	5529
Officials	5530
Ontinyent	5531
Putnam	5532
Twins	5533
Minos	5534
Vecsés	5535
Kitty-Yo	5536
Chairpersons	5537
Antelope	5538
Melodifestivalen	5539
noble	5540
officeholder	5541
Spiritualists	5542
Yakama	5543
Tuskegee	5544
Treviso	5545
order	5546
Nybergsund	5547
Unification	5548
Swahili-speaking	5549
Astronomers	5550
Montserrat	5551
Symbols	5552
Butthole	5553
Illustrators	5554
Frankish	5555
Agriculture	5556
playmate	5557
highway	5558
Republic	5559
Eckerd	5560
Extinct	5561
Microtonal	5562
Lechquellen	5563
Ferryhill	5564
Mexborough	5565
IMAX	5566
Barnoldswick	5567
FinnPa	5568
1800s	5569
Heartland	5570
Bluegrass	5571
Frigg	5572
Montclair	5573
Hurstville	5574
Queueing	5575
B68	5576
Mezzo-sopranos	5577
1461	5578
Ninja	5579
Cuesta	5580
ASIL	5581
Photojournalists	5582
Andover	5583
Yakuza	5584
Italian-speaking	5585
Pietà	5586
Somalian	5587
Athlético	5588
Sivasspor	5589
Climbing	5590
Insular	5591
Darlaston	5592
FSB	5593
Zalaegerszegi	5594
Dissolved	5595
Playback	5596
Bertelsmann	5597
Chadderton	5598
Scat	5599
RAF	5600
Ayatollahs	5601
Antigua	5602
Bongo	5603
Erasmus	5604
Stalin	5605
Starship	5606
A.S.C.	5607
Punjabi-language	5608
Berchtesgaden	5609
Gates	5610
Anglo-Burmese	5611
Artists'	5612
Royalists	5613
Strømsgodset	5614
Dalton	5615
Agronomists	5616
Videoton	5617
Bangkok	5618
Imams	5619
language	5620
Portsmouth	5621
UCF	5622
Urawa	5623
Qing	5624
Malaysia	5625
Bodmin	5626
Osaka	5627
A&amp;R	5628
Bibliophiles	5629
BM	5630
Värtans	5631
Bilbao	5632
Quran	5633
Pye	5634
FBI	5635
Jura	5636
Prva	5637
Magarey	5638
Fraser	5639
Almo	5640
Chechen-speaking	5641
Whig	5642
Welfare	5643
Robert	5644
Foshan	5645
GLAAD	5646
Biography	5647
Otago	5648
Wittenberg	5649
Hatayspor	5650
Hanna-Barbera	5651
Autobiographers	5652
Pashtun	5653
Iwuanyanwu	5654
Ferro	5655
Tunbridge	5656
Kantian	5657
Primeira	5658
Model	5659
Smash	5660
Minor	5661
Anti–nuclear	5662
Kingstonian	5663
Burnley	5664
1945	5665
Parties	5666
L.	5667
Capitol	5668
Morehouse	5669
Futsal	5670
Phage	5671
Cossack	5672
1960	5673
Floristic	5674
Lead	5675
Irakleio	5676
Muskingum	5677
Dinamo	5678
Cúcuta	5679
English–Russian	5680
Rococo	5681
Doane	5682
Achaemenid	5683
Transylvania	5684
Rovigo	5685
Ruthless	5686
Pulp	5687
Université	5688
Broxburn	5689
Matricides	5690
Reno	5691
1990	5692
Monarcas	5693
Cavity	5694
Mutinies	5695
W-League	5696
Madras	5697
Enclaves	5698
Paroled	5699
1924	5700
Erith	5701
Italian–French	5702
Tilbury	5703
Orion	5704
Alvechurch	5705
Imortal	5706
Juno	5707
Ramsgate	5708
Moto	5709
Pierikos	5710
Events	5711
Crossover	5712
Persija	5713
Jyväskylän	5714
Clitheroe	5715
Megalithic	5716
Helsingborgs	5717
stadium	5718
Beverage	5719
Würzburger	5720
Malayali	5721
Canon	5722
Tepecikspor	5723
Cheadle	5724
Konkani	5725
Naxxar	5726
Bangu	5727
Hewlett-Packard	5728
RB	5729
Journalism	5730
Mes	5731
Historically	5732
Monrovia	5733
Kosovo	5734
Merstham	5735
Abraham	5736
Harrison	5737
You're	5738
administrative	5739
Polideportivo	5740
David	5741
Bashley	5742
ETH	5743
Managing	5744
Samford	5745
Superintendents	5746
LGBT-related	5747
Grantham	5748
Horace	5749
Teacher	5750
Auckland	5751
Casting	5752
Trustees	5753
Belfast	5754
Asom	5755
Maoist	5756
Scots-language	5757
SM	5758
Wuxia	5759
Niki	5760
100	5761
Sittingbourne	5762
Hyde	5763
Asexual	5764
Slide	5765
Dravidian	5766
Dravida	5767
fictional	5768
Goldman	5769
Olympia	5770
Randaberg	5771
Jockeys	5772
Aphorists	5773
Knuth	5774
Skyscraper	5775
Prescot	5776
Grant	5777
Valletta	5778
Buskers	5779
Windsor	5780
Knoxville	5781
Venues	5782
Navy	5783
Mazandarani	5784
Deathgrind	5785
Wikki	5786
FIFA	5787
Gosport	5788
Ultramarathon	5789
Blantyre	5790
Kyungsung	5791
Eero	5792
Sharjah	5793
Renoise	5794
Producers	5795
TP	5796
Dalsjöfors	5797
Pi	5798
Temne	5799
Şanlıurfaspor	5800
OC	5801
Cruzeiro	5802
PAEEK	5803
league	5804
Airport	5805
Hunan	5806
Korona	5807
Crystallographers	5808
Norton	5809
Arthurlie	5810
Soul	5811
Consett	5812
economist	5813
Heist	5814
Omiya	5815
Econometricians	5816
Hanover	5817
SRC	5818
Burke’s	5819
Nejapa	5820
Auburn	5821
Csepel	5822
Complex	5823
Filmmakers	5824
CSU	5825
Omagh	5826
Bavarian	5827
Wimbledon	5828
Ethnologists	5829
Crociati	5830
Baoding	5831
Gala	5832
RPM	5833
PSIS	5834
Canaanite	5835
Ramakrishna	5836
Privatized	5837
KSZO	5838
Kiveton	5839
Aveley	5840
Conscientious	5841
Porthmadog	5842
Airbus	5843
Adap	5844
USA	5845
Dubai	5846
Mauritanian	5847
Toy's	5848
Tarsus	5849
Ghettos	5850
Honors	5851
Afro-Asiatic	5852
Peripatetic	5853
Welsh-speaking	5854
Ünyespor	5855
Solaris	5856
Neuchâtel	5857
Claremont	5858
Zejtun	5859
Quincy	5860
Bohemians	5861
Osasco	5862
PSM	5863
Unrecognized	5864
Shonan	5865
Ülkerspor	5866
Pudong	5867
English–German	5868
Satirists	5869
Goiânia	5870
Cinema	5871
Skydivers	5872
Humanities	5873
Echo	5874
Primetime	5875
French-Basque	5876
All-American	5877
Stamp	5878
Pedal	5879
Pace	5880
Peacehaven	5881
Hindustani	5882
Prestige	5883
Academia	5884
Levallois	5885
Uzkekistani	5886
Uni	5887
Macará	5888
wrestler	5889
Cantabrian	5890
DFW	5891
Fredericksburg	5892
Saba	5893
Scenic	5894
Sexual	5895
Socialites	5896
Racehorse	5897
Buriram	5898
Veikkausliiga	5899
Quimper	5900
Formby	5901
A.D	5902
Studio	5903
Romanian-language	5904
Litchfield	5905
Lakas–CMD	5906
Deutsche	5907
Brimsdown	5908
Leamington	5909
1920	5910
Assyrian/Syriac	5911
Maryhill	5912
Elitzur	5913
Abercorn	5914
1906	5915
Mendelssohn	5916
Aliağa	5917
Toyota	5918
Living	5919
Sangmu	5920
range	5921
So	5922
Travelers	5923
Democrata	5924
Cowdenbeath	5925
Impostors	5926
Broughty	5927
Hednesford	5928
Sparrow	5929
Shek	5930
Widener	5931
Russia	5932
Playgirl	5933
Northwest	5934
Princely	5935
Reed	5936
F91	5937
Westfields	5938
Shepshed	5939
Piast	5940
A2	5941
Upper	5942
MLS	5943
Mickleover	5944
Korinthos	5945
NSCAD	5946
Levadiakos	5947
21st	5948
Optimism	5949
Boy	5950
Eocene	5951
Galway	5952
English–Danish	5953
XL	5954
Eurodisco	5955
German-American	5956
Romani	5957
Voting	5958
Wivenhoe	5959
Fabulists	5960
Minehead	5961
Avar-speaking	5962
Bali	5963
Interallied	5964
Cumnock	5965
Tonga	5966
NKVD	5967
Paide	5968
Lancashire	5969
Somerset	5970
Biographers	5971
Kuopion	5972
Basford	5973
Riverside	5974
NJIT	5975
Murder	5976
K.A.S.	5977
Zionist	5978
Czech-language	5979
Directly	5980
Furman	5981
Cirencester	5982
Hangzhou	5983
Inland	5984
Jean	5985
Skelmersdale	5986
Vigor	5987
comedian	5988
Merited	5989
Tragic	5990
Sisaket	5991
Plano	5992
Dalry	5993
Head	5994
Impact	5995
station	5996
ocean	5997
High-technology	5998
Anarcho-punk	5999
Salford	6000
Antequera	6001
Anti-Islam	6002
Anti-poverty	6003
Fairfax	6004
III.	6005
Networking	6006
Curtin	6007
ABA	6008
Logicians	6009
GSI	6010
Al-Shaab	6011
Netbook	6012
Ekstraklasa	6013
Tripuri	6014
Cary	6015
Farmers	6016
Groove	6017
Walthamstow	6018
Malleco	6019
USSF	6020
Operator	6021
Giresunspor	6022
Dard	6023
Tisza	6024
Blaxploitation	6025
president	6026
Chatham	6027
Brose	6028
Veszprém	6029
Russian-German	6030
Undrafted	6031
theater	6032
Yalovaspor	6033
Cooking	6034
Decatur	6035
Danish-speaking	6036
Razed	6037
Torch	6038
Multi-purpose	6039
A.S.G.	6040
Nur	6041
Laurel	6042
Selkirk	6043
Charisma	6044
AEP	6045
Endemic	6046
Rak	6047
Quattrocento	6048
Berlin	6049
Ermis	6050
Sertãozinho	6051
Barkingside	6052
Thousand	6053
Johnstone	6054
Wayne	6055
Garforth	6056
Harstad	6057
Westchester	6058
Ole	6059
Epsom	6060
Chouinard	6061
Niroye	6062
Ghostwriters	6063
Badminton	6064
Quorn	6065
Cliftonville	6066
Leça	6067
Lorraine-German	6068
Goddard	6069
Jemez	6070
Thame	6071
UJA	6072
Shotts	6073
French–English	6074
Lubbock	6075
Loreto	6076
Sai	6077
Hobbes	6078
Desi	6079
Cayman	6080
ASEC	6081
Schiller	6082
Ventura	6083
Ukrainian-language	6084
Tourism	6085
Scots-speaking	6086
Val-d'Or	6087
Floda	6088
Muppet	6089
Theban	6090
Amherst	6091
Clapton	6092
Lezgian-speaking	6093
Jeet	6094
MAS	6095
PFK	6096
Weird	6097
Kerkyra	6098
NASCAR	6099
Canadian-American	6100
Johor	6101
Moncton	6102
Curicó	6103
Tiptree	6104
Szolnoki	6105
ESP-Disk	6106
Democracy	6107
Myongji	6108
Innovation	6109
Dutchess	6110
Ħamrun	6111
Okwawu	6112
Ragga	6113
Tököl	6114
Bacup	6115
Tahiti	6116
Liège	6117
Latter	6118
Agencies	6119
Mad	6120
VoIP	6121
Conscript	6122
currency	6123
Blog	6124
Light	6125
theologian	6126
Körmend	6127
Aramaean	6128
Wing	6129
BSN	6130
Rapid	6131
F.B.	6132
Kongsvinger	6133
Bedford	6134
Juan	6135
BMW	6136
Como	6137
Aboomoslem	6138
Aftermath	6139
swimmer	6140
Cambodia	6141
İstanbul	6142
English–Japanese	6143
Vyzas	6144
Wallsend	6145
golfer	6146
Kalmar	6147
Show	6148
Bonsai	6149
Barbados	6150
Stiff	6151
Grasshopper-Club	6152
SSVg	6153
Ilves	6154
Agnostics	6155
lake	6156
Stax	6157
Single-party	6158
Odds	6159
Patronato	6160
Shock	6161
Xtreme	6162
GFK	6163
Dot	6164
Satirical	6165
saint	6166
Oceanography	6167
Serbian-speaking	6168
Heath	6169
Euroleague-winning	6170
LKS	6171
Viareggio	6172
Cthulhu	6173
Gödel	6174
Senrab	6175
Ionic	6176
Tambourine	6177
Magicians	6178
Gujarati-language	6179
Tommy	6180
Theologians	6181
Bryan	6182
Cartoonists	6183
Zoë	6184
Raufoss	6185
Barretos	6186
Annan	6187
Educationists	6188
Pirate	6189
Land-grant	6190
Miocene	6191
Gender	6192
Kanak	6193
Indonesian-language	6194
Oceanographic	6195
Bollywood	6196
Gresford	6197
Chung-Ang	6198
Twelver	6199
Toumodi	6200
Interscope	6201
Robins	6202
Henrico	6203
Brasiliense	6204
Glider	6205
Gondomar	6206
Fusional	6207
Ware	6208
Hyperreality	6209
FAR	6210
Kyiv	6211
Oulun	6212
Railroads	6213
Domino	6214
Arema	6215
Dalhousie	6216
Khmer-language	6217
Checker	6218
Al-Orobah	6219
Heidelberg	6220
Seiko	6221
Frankfurter	6222
Greenville	6223
Guildford	6224
Trick	6225
baseball	6226
Sektzia	6227
Second-level	6228
Billionaires	6229
Integrál-DAC	6230
Metic	6231
Abilene	6232
Dorados	6233
Madureira	6234
Narada	6235
ŽAK	6236
A.G.	6237
Hotspot	6238
Chuo	6239
Urdu-language	6240
district	6241
Halesowen	6242
Atheism	6243
Ararat	6244
NEO	6245
Tolka	6246
Irvine	6247
Songster	6248
Slovak-speaking	6249
Iraty	6250
Tema	6251
Bank	6252
Harworth	6253
Mexico–United	6254
Winsford	6255
Orléans	6256
Latin–German	6257
Monagas	6258
Aberdare	6259
sovereign	6260
Shakespearean	6261
Chinese-language	6262
McMaster	6263
Garage	6264
Augusta	6265
Guardian	6266
1740s	6267
Microeconomists	6268
MagicJack	6269
Destourian	6270
Optical	6271
Vassar	6272
Újpest	6273
Psychopathic	6274
Township	6275
RKO	6276
Pornographic	6277
Metaphor	6278
IBRA	6279
Bulgarian-language	6280
Alamo	6281
Dinaburg	6282
Calabar	6283
Guisborough	6284
Kaizer	6285
Mute	6286
Opticians	6287
Critical	6288
Bowdoin	6289
Zainichi	6290
Selby	6291
Benedictine	6292
Regatas	6293
Panhellenic	6294
Post-punk	6295
Estudios	6296
Gilmore	6297
CIS	6298
Emigrants	6299
Holberg	6300
Dunston	6301
Exilliteratur	6302
Taíno	6303
CAPS	6304
Al-Mokawloon	6305
Lagoons	6306
Muscat	6307
Shoshone	6308
Proodeftiki	6309
MyPa	6310
Dempo	6311
Bray	6312
Alfa	6313
Potenza	6314
Popping	6315
Lung	6316
Finch	6317
Re-established	6318
Persian-speaking	6319
Towa	6320
Disability	6321
Jive	6322
DC	6323
Genital	6324
Sagan	6325
Milltown	6326
Black-and-white	6327
Harvest	6328
Konyaspor	6329
Tamalpais	6330
Controlled-access	6331
Popular	6332
Slam	6333
Djoliba	6334
Storyboard	6335
Ball	6336
Anton	6337
Anglo-Saxon	6338
Algeciras	6339
Sutherland	6340
Villajoyosa	6341
Organists	6342
Hi-NRG	6343
Lyngby	6344
Myanmar	6345
Engineers	6346
Turin	6347
Grand-Lancy	6348
Sheriffs	6349
Ocean	6350
Lojinx	6351
Particle	6352
Statisticians	6353
Agrarian	6354
Smith	6355
Mirassol	6356
Phonologists	6357
Highgate	6358
Lofton	6359
Statutory	6360
Bridgend	6361
Gorleston	6362
Aigle	6363
Diarists	6364
Sulmona	6365
Macavity	6366
Lesbians	6367
Ashoka	6368
Comercial	6369
Humorous	6370
Mito	6371
Exempt	6372
Bend	6373
Mogi	6374
Gisborne	6375
Optometry	6376
Ich	6377
Breastfeeding	6378
Academies	6379
Cheltenham	6380
Madeiran	6381
Idols	6382
Pacifica	6383
Hibernians	6384
Montevarchi	6385
Soldiers	6386
Ballyclare	6387
Celebrity	6388
Kilrea	6389
DIW	6390
Kello	6391
Ratchaburi	6392
Todd	6393
Hayes	6394
MOIK	6395
Newbery	6396
Deafblind	6397
Submarine	6398
Investors	6399
Psychoanalysts	6400
Artistic	6401
German–Spanish	6402
Shanxi	6403
Kendriya	6404
Anglo-French	6405
Muhajir	6406
Erzurumspor	6407
Beykozspor	6408
Nairn	6409
Lamborghini	6410
Histadrut	6411
Whitley	6412
Al-Wehda	6413
Al-Khaleej	6414
Tony	6415
Handknattleiksfélag	6416
Existentialists	6417
Juke	6418
Dagenham	6419
Armée	6420
Cancer	6421
Bałtyk	6422
Riojan	6423
Shipping	6424
Staines	6425
Giant	6426
Bargh	6427
Anglo-Indian	6428
Prešeren	6429
Subglacial	6430
Hispano	6431
Gebzespor	6432
Slot	6433
Computer-animated	6434
Utica	6435
Winchester	6436
Brunei	6437
Väsby	6438
Townsville	6439
Rounder	6440
Gujarati	6441
Ton	6442
Cray	6443
Büki	6444
Kodaikanal	6445
Brodsworth	6446
Laredo	6447
Bloemfontein	6448
Continents	6449
Mpumalanga	6450
S.P.	6451
Östersunds	6452
Holywell	6453
Várda	6454
Bharatanatyam	6455
valley	6456
Hanyang	6457
Pittsburg	6458
Keio	6459
JSF	6460
Arnett	6461
Masked	6462
Al-Watani	6463
Geometers	6464
C.D.S.	6465
Framing	6466
Dansband	6467
Rotterdam	6468
Afan	6469
Eimsbütteler	6470
Lambda	6471
Lundby	6472
Gabros	6473
Ebbsfleet	6474
Hungarian–English	6475
Ottoman–Portuguese	6476
Specialty	6477
ASC	6478
Rotana	6479
Ornithologists	6480
Control	6481
Bamber	6482
Most	6483
Progreso	6484
Galaxy	6485
IS	6486
Petersfield	6487
Starday	6488
Ilisiakos	6489
Firefighters	6490
Rushall	6491
Finance	6492
Ankaraspor	6493
Balestier	6494
Revolutionaries	6495
Penn-Jersey	6496
Administrators	6497
Communism-based	6498
Ilocano	6499
Sarah	6500
Accordionists	6501
BAFTA	6502
Steampunk	6503
Nightclub	6504
Winterton	6505
Yverdon-Sport	6506
Monarchical	6507
Bærum	6508
Assets	6509
Think	6510
Wuhan	6511
Steinhousemuir	6512
Some	6513
yagoGeoEntity	6514
UR	6515
RSO	6516
Cumbia	6517
Crush	6518
Wembley	6519
Jamie	6520
Outdoor	6521
Prison	6522
Pegah	6523
Jhangvi-speaking	6524
Wheaton	6525
Rationality	6526
SønderjyskE	6527
Largs	6528
Melodica	6529
Annie	6530
French-speaking	6531
Robbins	6532
Darüşşafaka	6533
English-born	6534
Alcoholic	6535
Spokespersons	6536
Sami	6537
Soul-blues	6538
Needham	6539
Stateless	6540
Turkic	6541
Viticulturists	6542
Glamour	6543
Defstar	6544
Resident	6545
Bodybuilders	6546
Emo	6547
Convention	6548
Henry	6549
Fredrikstad	6550
Carrick	6551
Euthanasia	6552
Gyirmót	6553
Defenders	6554
Followers	6555
Cartographers	6556
Nothing	6557
Adevărul	6558
Hampden–Sydney	6559
scholar	6560
Turgutluspor	6561
NSL	6562
Saltcoats	6563
Tolkien	6564
Foundry	6565
Dayanand	6566
Kawartha	6567
Behaviourist	6568
Lepidopterists	6569
Number	6570
Gwardia	6571
Timely	6572
Fulbright	6573
Swahili-language	6574
Proastiakos	6575
Midwest	6576
Grove	6577
Tobago	6578
Belly	6579
Luverdense	6580
Fortifications	6581
Plateau	6582
